timestamp_iso,timestamp_ms,event_type,duration_ns,duration_ms,metadata
2026-02-15T10:56:02.105755400Z,1771152962105,E2E_GOVERNANCE,27363800,27.3638,success=false
2026-02-15T10:56:02.133101800Z,1771152962133,E2E_GOVERNANCE,27371701,27.3717,success=false
2026-02-15T10:56:02.160316900Z,1771152962160,E2E_GOVERNANCE,27281100,27.2811,success=false
2026-02-15T10:56:02.186159500Z,1771152962186,E2E_GOVERNANCE,25407199,25.4072,success=false
2026-02-15T10:56:02.210369800Z,1771152962210,E2E_GOVERNANCE,24417700,24.4177,success=false
2026-02-15T10:56:02.237462300Z,1771152962237,E2E_GOVERNANCE,26733999,26.7340,success=false
2026-02-15T10:56:02.267219200Z,1771152962267,E2E_GOVERNANCE,29316700,29.3167,success=false
2026-02-15T10:56:02.295941300Z,1771152962295,E2E_GOVERNANCE,28697400,28.6974,success=false
2026-02-15T10:56:02.323930300Z,1771152962323,E2E_GOVERNANCE,27757700,27.7577,success=false
2026-02-15T10:56:02.353628100Z,1771152962353,E2E_GOVERNANCE,29791301,29.7913,success=false
2026-02-15T10:56:02.384031300Z,1771152962384,E2E_GOVERNANCE,30024000,30.0240,success=false
2026-02-15T10:56:02.414239100Z,1771152962414,E2E_GOVERNANCE,30024300,30.0243,success=false
2026-02-15T10:56:02.445315900Z,1771152962445,E2E_GOVERNANCE,31179501,31.1795,success=false
2026-02-15T10:56:02.481242500Z,1771152962481,E2E_GOVERNANCE,35804500,35.8045,success=false
2026-02-15T10:56:02.507219Z,1771152962507,E2E_GOVERNANCE,25917501,25.9175,success=false
2026-02-15T10:56:02.533239Z,1771152962533,E2E_GOVERNANCE,26023501,26.0235,success=false
2026-02-15T10:56:02.561800500Z,1771152962561,E2E_GOVERNANCE,28504900,28.5049,success=false
2026-02-15T10:56:02.593860300Z,1771152962593,E2E_GOVERNANCE,32093000,32.0930,success=false
2026-02-15T10:56:02.620243900Z,1771152962620,E2E_GOVERNANCE,26328700,26.3287,success=false
2026-02-15T10:56:02.648004200Z,1771152962648,E2E_GOVERNANCE,27718700,27.7187,success=false
2026-02-15T10:56:02.675928Z,1771152962675,E2E_GOVERNANCE,27871800,27.8718,success=false
2026-02-15T10:56:02.702382500Z,1771152962702,E2E_GOVERNANCE,26374700,26.3747,success=false
2026-02-15T10:56:02.727563700Z,1771152962727,E2E_GOVERNANCE,25212901,25.2129,success=false
2026-02-15T10:56:02.762117900Z,1771152962762,E2E_GOVERNANCE,34577301,34.5773,success=false
2026-02-15T10:56:02.790713400Z,1771152962790,E2E_GOVERNANCE,28124499,28.1245,success=false
2026-02-15T10:56:02.817230500Z,1771152962817,E2E_GOVERNANCE,26319800,26.3198,success=false
2026-02-15T10:56:02.852209600Z,1771152962852,E2E_GOVERNANCE,35118700,35.1187,success=false
2026-02-15T10:56:02.885058200Z,1771152962885,E2E_GOVERNANCE,32569800,32.5698,success=false
2026-02-15T10:56:02.918136700Z,1771152962918,E2E_GOVERNANCE,33048400,33.0484,success=false
2026-02-15T10:56:02.946285400Z,1771152962946,E2E_GOVERNANCE,27964401,27.9644,success=false
2026-02-15T10:56:02.973399700Z,1771152962973,E2E_GOVERNANCE,27035100,27.0351,success=false
2026-02-15T10:56:02.999032200Z,1771152962999,E2E_GOVERNANCE,25982699,25.9827,success=false
2026-02-15T10:56:03.025976400Z,1771152963025,E2E_GOVERNANCE,26459300,26.4593,success=false
2026-02-15T10:56:03.051752400Z,1771152963051,E2E_GOVERNANCE,25944899,25.9449,success=false
2026-02-15T10:56:03.078155800Z,1771152963078,E2E_GOVERNANCE,26499799,26.4998,success=false
2026-02-15T10:56:03.105632200Z,1771152963105,E2E_GOVERNANCE,27430299,27.4303,success=false
2026-02-15T10:56:03.133185500Z,1771152963133,E2E_GOVERNANCE,27254399,27.2544,success=false
2026-02-15T10:56:03.159856100Z,1771152963159,E2E_GOVERNANCE,26879899,26.8799,success=false
2026-02-15T10:56:03.186858400Z,1771152963186,E2E_GOVERNANCE,26574000,26.5740,success=false
2026-02-15T10:56:03.213805100Z,1771152963213,E2E_GOVERNANCE,27023399,27.0234,success=false
2026-02-15T10:56:03.241441300Z,1771152963241,E2E_GOVERNANCE,27740001,27.7400,success=false
2026-02-15T10:56:03.270109600Z,1771152963270,E2E_GOVERNANCE,28557100,28.5571,success=false
2026-02-15T10:56:03.299484700Z,1771152963299,E2E_GOVERNANCE,29141100,29.1411,success=false
2026-02-15T10:56:03.323770Z,1771152963323,E2E_GOVERNANCE,24112900,24.1129,success=false
2026-02-15T10:56:03.347635500Z,1771152963347,E2E_GOVERNANCE,23843401,23.8434,success=false
2026-02-15T10:56:03.371749600Z,1771152963371,E2E_GOVERNANCE,23978800,23.9788,success=false
2026-02-15T10:56:03.394652700Z,1771152963394,E2E_GOVERNANCE,23022501,23.0225,success=false
2026-02-15T10:56:03.420325900Z,1771152963420,E2E_GOVERNANCE,25579500,25.5795,success=false
2026-02-15T10:56:03.446113300Z,1771152963446,E2E_GOVERNANCE,25436299,25.4363,success=false
2026-02-15T10:56:03.470170700Z,1771152963470,E2E_GOVERNANCE,23985599,23.9856,success=false
2026-02-15T10:56:03.495340600Z,1771152963495,E2E_GOVERNANCE,25151600,25.1516,success=false
2026-02-15T10:56:03.520557700Z,1771152963520,E2E_GOVERNANCE,25440900,25.4409,success=false
2026-02-15T10:56:03.545576Z,1771152963545,E2E_GOVERNANCE,25041200,25.0412,success=false
2026-02-15T10:56:03.569144300Z,1771152963569,E2E_GOVERNANCE,23287300,23.2873,success=false
2026-02-15T10:56:03.594197100Z,1771152963594,E2E_GOVERNANCE,24755300,24.7553,success=false
2026-02-15T10:56:03.618186200Z,1771152963618,E2E_GOVERNANCE,24097200,24.0972,success=false
2026-02-15T10:56:03.642179600Z,1771152963642,E2E_GOVERNANCE,24109500,24.1095,success=false
2026-02-15T10:56:03.666844700Z,1771152963666,E2E_GOVERNANCE,24424199,24.4242,success=false
2026-02-15T10:56:03.692585200Z,1771152963692,E2E_GOVERNANCE,25844600,25.8446,success=false
2026-02-15T10:56:03.717645900Z,1771152963717,E2E_GOVERNANCE,24642600,24.6426,success=false
2026-02-15T10:56:03.742249500Z,1771152963742,E2E_GOVERNANCE,24627101,24.6271,success=false
2026-02-15T10:56:03.766779800Z,1771152963766,E2E_GOVERNANCE,24390199,24.3902,success=false
2026-02-15T10:56:03.791393Z,1771152963791,E2E_GOVERNANCE,24499400,24.4994,success=false
2026-02-15T10:56:03.814847100Z,1771152963814,E2E_GOVERNANCE,23571300,23.5713,success=false
2026-02-15T10:56:03.839811100Z,1771152963839,E2E_GOVERNANCE,25189200,25.1892,success=false
2026-02-15T10:56:03.864726600Z,1771152963864,E2E_GOVERNANCE,25157899,25.1579,success=false
2026-02-15T10:56:03.891867700Z,1771152963891,E2E_GOVERNANCE,26450200,26.4502,success=false
2026-02-15T10:56:03.919535600Z,1771152963919,E2E_GOVERNANCE,27581299,27.5813,success=false
2026-02-15T10:56:03.947142600Z,1771152963947,E2E_GOVERNANCE,27831101,27.8311,success=false
2026-02-15T10:56:03.976313700Z,1771152963976,E2E_GOVERNANCE,28890499,28.8905,success=false
2026-02-15T10:56:04.000221600Z,1771152964000,E2E_GOVERNANCE,23958200,23.9582,success=false
2026-02-15T10:56:04.024471600Z,1771152964024,E2E_GOVERNANCE,24138199,24.1382,success=false
2026-02-15T10:56:04.049235500Z,1771152964049,E2E_GOVERNANCE,24768601,24.7686,success=false
2026-02-15T10:56:04.074960800Z,1771152964074,E2E_GOVERNANCE,25437801,25.4378,success=false
2026-02-15T10:56:04.100496Z,1771152964100,E2E_GOVERNANCE,25475899,25.4759,success=false
2026-02-15T10:56:04.126812800Z,1771152964126,E2E_GOVERNANCE,26476699,26.4767,success=false
2026-02-15T10:56:04.153908700Z,1771152964153,E2E_GOVERNANCE,26662701,26.6627,success=false
2026-02-15T10:56:04.179427Z,1771152964179,E2E_GOVERNANCE,25624700,25.6247,success=false
2026-02-15T10:56:04.207076500Z,1771152964207,E2E_GOVERNANCE,27398199,27.3982,success=false
2026-02-15T10:56:04.235858700Z,1771152964235,E2E_GOVERNANCE,28914800,28.9148,success=false
2026-02-15T10:56:04.266418200Z,1771152964266,E2E_GOVERNANCE,30553000,30.5530,success=false
2026-02-15T10:56:04.297093500Z,1771152964297,E2E_GOVERNANCE,30346300,30.3463,success=false
2026-02-15T10:56:04.326278500Z,1771152964326,E2E_GOVERNANCE,29201901,29.2019,success=false
2026-02-15T10:56:04.353556500Z,1771152964353,E2E_GOVERNANCE,27147799,27.1478,success=false
2026-02-15T10:56:04.390364100Z,1771152964390,E2E_GOVERNANCE,36632600,36.6326,success=false
2026-02-15T10:56:04.430746700Z,1771152964430,E2E_GOVERNANCE,40273600,40.2736,success=false
2026-02-15T10:56:04.463225500Z,1771152964463,E2E_GOVERNANCE,32654199,32.6542,success=false
2026-02-15T10:56:04.499270Z,1771152964499,E2E_GOVERNANCE,35980201,35.9802,success=false
2026-02-15T10:56:04.546688900Z,1771152964546,E2E_GOVERNANCE,47175000,47.1750,success=false
2026-02-15T10:56:04.580944500Z,1771152964580,E2E_GOVERNANCE,34448499,34.4485,success=false
2026-02-15T10:56:04.612813200Z,1771152964612,E2E_GOVERNANCE,31491799,31.4918,success=false
2026-02-15T10:56:04.644265700Z,1771152964643,E2E_GOVERNANCE,31186400,31.1864,success=false
2026-02-15T10:56:04.673409100Z,1771152964673,E2E_GOVERNANCE,29559700,29.5597,success=false
2026-02-15T10:56:04.704581500Z,1771152964704,E2E_GOVERNANCE,31094200,31.0942,success=false
2026-02-15T10:56:04.734000800Z,1771152964734,E2E_GOVERNANCE,29122500,29.1225,success=false
2026-02-15T10:56:04.763538500Z,1771152964763,E2E_GOVERNANCE,29710100,29.7101,success=false
2026-02-15T10:56:04.794605300Z,1771152964794,E2E_GOVERNANCE,31017700,31.0177,success=false
2026-02-15T10:56:04.824678100Z,1771152964824,E2E_GOVERNANCE,29707201,29.7072,success=false
2026-02-15T10:56:04.852882300Z,1771152964852,E2E_GOVERNANCE,28239799,28.2398,success=false
2026-02-15T10:56:04.878292600Z,1771152964878,E2E_GOVERNANCE,25403301,25.4033,success=false
2026-02-15T10:56:04.902905400Z,1771152964902,E2E_GOVERNANCE,24421800,24.4218,success=false
2026-02-15T10:56:04.931321Z,1771152964931,E2E_GOVERNANCE,28221600,28.2216,success=false
2026-02-15T10:56:04.964927600Z,1771152964964,E2E_GOVERNANCE,33686100,33.6861,success=false
2026-02-15T10:56:04.992670700Z,1771152964992,E2E_GOVERNANCE,28638700,28.6387,success=false
2026-02-15T10:56:05.022170700Z,1771152965022,E2E_GOVERNANCE,28140501,28.1405,success=false
2026-02-15T10:56:05.049693500Z,1771152965049,E2E_GOVERNANCE,27913800,27.9138,success=false
2026-02-15T10:56:05.078135800Z,1771152965078,E2E_GOVERNANCE,28151999,28.1520,success=false
2026-02-15T10:56:05.106053700Z,1771152965106,E2E_GOVERNANCE,27725100,27.7251,success=false
2026-02-15T10:56:05.131463600Z,1771152965131,E2E_GOVERNANCE,25486800,25.4868,success=false
2026-02-15T10:56:05.156014800Z,1771152965156,E2E_GOVERNANCE,24569100,24.5691,success=false
2026-02-15T10:56:05.182716300Z,1771152965182,E2E_GOVERNANCE,26697701,26.6977,success=false
2026-02-15T10:56:05.210087400Z,1771152965210,E2E_GOVERNANCE,26845899,26.8459,success=false
2026-02-15T10:56:05.236685300Z,1771152965236,E2E_GOVERNANCE,26562700,26.5627,success=false
2026-02-15T10:56:05.263200400Z,1771152965263,E2E_GOVERNANCE,26657501,26.6575,success=false
2026-02-15T10:56:05.289736500Z,1771152965289,E2E_GOVERNANCE,26683101,26.6831,success=false
2026-02-15T10:56:05.316803200Z,1771152965316,E2E_GOVERNANCE,26527300,26.5273,success=false
2026-02-15T10:56:05.343855700Z,1771152965343,E2E_GOVERNANCE,27089701,27.0897,success=false
2026-02-15T10:56:05.370578Z,1771152965370,E2E_GOVERNANCE,26872700,26.8727,success=false
2026-02-15T10:56:05.397340700Z,1771152965397,E2E_GOVERNANCE,26360499,26.3605,success=false
2026-02-15T10:56:05.423305100Z,1771152965423,E2E_GOVERNANCE,26196100,26.1961,success=false
2026-02-15T10:56:05.449767700Z,1771152965449,E2E_GOVERNANCE,26200099,26.2001,success=false
2026-02-15T10:56:05.474784100Z,1771152965474,E2E_GOVERNANCE,25293599,25.2936,success=false
2026-02-15T10:56:05.501860900Z,1771152965501,E2E_GOVERNANCE,26601300,26.6013,success=false
2026-02-15T10:56:05.528524Z,1771152965528,E2E_GOVERNANCE,26978899,26.9789,success=false
2026-02-15T10:56:05.552647800Z,1771152965552,E2E_GOVERNANCE,24035200,24.0352,success=false
2026-02-15T10:56:05.577814200Z,1771152965577,E2E_GOVERNANCE,25093600,25.0936,success=false
2026-02-15T10:56:05.604139300Z,1771152965604,E2E_GOVERNANCE,25982601,25.9826,success=false
2026-02-15T10:56:05.631065700Z,1771152965631,E2E_GOVERNANCE,26998400,26.9984,success=false
2026-02-15T10:56:05.656507600Z,1771152965656,E2E_GOVERNANCE,25243000,25.2430,success=false
2026-02-15T10:56:05.682976200Z,1771152965682,E2E_GOVERNANCE,26348601,26.3486,success=false
2026-02-15T10:56:05.710544600Z,1771152965710,E2E_GOVERNANCE,27746800,27.7468,success=false
2026-02-15T10:56:05.736587800Z,1771152965736,E2E_GOVERNANCE,26031000,26.0310,success=false
2026-02-15T10:56:05.762886800Z,1771152965762,E2E_GOVERNANCE,26092200,26.0922,success=false
2026-02-15T10:56:05.791046300Z,1771152965791,E2E_GOVERNANCE,28103201,28.1032,success=false
2026-02-15T10:56:05.818015600Z,1771152965818,E2E_GOVERNANCE,26774400,26.7744,success=false
2026-02-15T10:56:05.846120300Z,1771152965846,E2E_GOVERNANCE,28404700,28.4047,success=false
2026-02-15T10:56:05.880121200Z,1771152965880,E2E_GOVERNANCE,33832200,33.8322,success=false
2026-02-15T10:56:05.907719600Z,1771152965907,E2E_GOVERNANCE,27473500,27.4735,success=false
2026-02-15T10:56:05.935144700Z,1771152965935,E2E_GOVERNANCE,27233400,27.2334,success=false
2026-02-15T10:56:05.962632700Z,1771152965962,E2E_GOVERNANCE,27244800,27.2448,success=false
2026-02-15T10:56:05.990290300Z,1771152965990,E2E_GOVERNANCE,27516201,27.5162,success=false
2026-02-15T10:56:06.017219500Z,1771152966017,E2E_GOVERNANCE,26943900,26.9439,success=false
2026-02-15T10:56:06.043893500Z,1771152966043,E2E_GOVERNANCE,26975500,26.9755,success=false
2026-02-15T10:56:06.068998300Z,1771152966068,E2E_GOVERNANCE,24926600,24.9266,success=false
2026-02-15T10:56:06.094038700Z,1771152966094,E2E_GOVERNANCE,24694400,24.6944,success=false
2026-02-15T10:56:06.120706Z,1771152966120,E2E_GOVERNANCE,26677700,26.6777,success=false
2026-02-15T10:56:06.148317800Z,1771152966148,E2E_GOVERNANCE,27638200,27.6382,success=false
2026-02-15T10:56:06.174923200Z,1771152966174,E2E_GOVERNANCE,26559200,26.5592,success=false
2026-02-15T10:56:06.200885600Z,1771152966200,E2E_GOVERNANCE,25801400,25.8014,success=false
2026-02-15T10:56:06.226661900Z,1771152966226,E2E_GOVERNANCE,25701701,25.7017,success=false
2026-02-15T10:56:06.254921100Z,1771152966254,E2E_GOVERNANCE,28142300,28.1423,success=false
2026-02-15T10:56:06.284863800Z,1771152966284,E2E_GOVERNANCE,29994200,29.9942,success=false
2026-02-15T10:56:06.314167100Z,1771152966314,E2E_GOVERNANCE,29106900,29.1069,success=false
2026-02-15T10:56:06.343365500Z,1771152966343,E2E_GOVERNANCE,28916400,28.9164,success=false
2026-02-15T10:56:06.373079700Z,1771152966373,E2E_GOVERNANCE,29992800,29.9928,success=false
2026-02-15T10:56:06.408818900Z,1771152966408,E2E_GOVERNANCE,35492399,35.4924,success=false
2026-02-15T10:56:06.438479700Z,1771152966438,E2E_GOVERNANCE,29514500,29.5145,success=false
2026-02-15T10:56:06.468493Z,1771152966468,E2E_GOVERNANCE,29757599,29.7576,success=false
2026-02-15T10:56:06.498413800Z,1771152966498,E2E_GOVERNANCE,29867400,29.8674,success=false
2026-02-15T10:56:06.529535500Z,1771152966529,E2E_GOVERNANCE,31321399,31.3214,success=false
2026-02-15T10:56:06.558046600Z,1771152966558,E2E_GOVERNANCE,28356699,28.3567,success=false
2026-02-15T10:56:06.584833Z,1771152966584,E2E_GOVERNANCE,26483400,26.4834,success=false
2026-02-15T10:56:06.613607Z,1771152966613,E2E_GOVERNANCE,29010800,29.0108,success=false
2026-02-15T10:56:06.645022300Z,1771152966645,E2E_GOVERNANCE,31151100,31.1511,success=false
2026-02-15T10:56:06.674964900Z,1771152966674,E2E_GOVERNANCE,30335700,30.3357,success=false
2026-02-15T10:56:06.705358200Z,1771152966705,E2E_GOVERNANCE,29840100,29.8401,success=false
2026-02-15T10:56:06.736809800Z,1771152966736,E2E_GOVERNANCE,31674999,31.6750,success=false
2026-02-15T10:56:06.767544700Z,1771152966767,E2E_GOVERNANCE,30496200,30.4962,success=false
2026-02-15T10:56:06.797344600Z,1771152966797,E2E_GOVERNANCE,29686801,29.6868,success=false
2026-02-15T10:56:06.823502600Z,1771152966823,E2E_GOVERNANCE,26195400,26.1954,success=false
2026-02-15T10:56:06.850065800Z,1771152966850,E2E_GOVERNANCE,26304800,26.3048,success=false
2026-02-15T10:56:06.878547200Z,1771152966878,E2E_GOVERNANCE,28602500,28.6025,success=false
2026-02-15T10:56:06.907042800Z,1771152966907,E2E_GOVERNANCE,28337300,28.3373,success=false
2026-02-15T10:56:06.935183900Z,1771152966935,E2E_GOVERNANCE,28111400,28.1114,success=false
2026-02-15T10:56:06.964076300Z,1771152966964,E2E_GOVERNANCE,28579100,28.5791,success=false
2026-02-15T10:56:06.992997700Z,1771152966992,E2E_GOVERNANCE,29113500,29.1135,success=false
2026-02-15T10:56:07.022119300Z,1771152967022,E2E_GOVERNANCE,28847801,28.8478,success=false
2026-02-15T10:56:07.047948600Z,1771152967047,E2E_GOVERNANCE,26069001,26.0690,success=false
2026-02-15T10:56:07.073757200Z,1771152967073,E2E_GOVERNANCE,25833800,25.8338,success=false
2026-02-15T10:56:07.102804800Z,1771152967102,E2E_GOVERNANCE,28838800,28.8388,success=false
2026-02-15T10:56:07.129723300Z,1771152967129,E2E_GOVERNANCE,26816699,26.8167,success=false
2026-02-15T10:56:07.157009100Z,1771152967157,E2E_GOVERNANCE,27444500,27.4445,success=false
2026-02-15T10:56:07.184730600Z,1771152967184,E2E_GOVERNANCE,28310401,28.3104,success=false
2026-02-15T10:56:07.214871600Z,1771152967214,E2E_GOVERNANCE,28974500,28.9745,success=false
2026-02-15T10:56:07.248871500Z,1771152967248,E2E_GOVERNANCE,33919701,33.9197,success=false
2026-02-15T10:56:07.278162900Z,1771152967278,E2E_GOVERNANCE,29282200,29.2822,success=false
2026-02-15T10:56:07.307280100Z,1771152967307,E2E_GOVERNANCE,29401200,29.4012,success=false
2026-02-15T10:56:07.337294900Z,1771152967337,E2E_GOVERNANCE,29815700,29.8157,success=false
2026-02-15T10:56:07.375858700Z,1771152967375,E2E_GOVERNANCE,38208599,38.2086,success=false
2026-02-15T10:56:07.406316900Z,1771152967406,E2E_GOVERNANCE,30459501,30.4595,success=false
2026-02-15T10:56:07.439082300Z,1771152967439,E2E_GOVERNANCE,33058700,33.0587,success=false
2026-02-15T10:56:07.469810900Z,1771152967469,E2E_GOVERNANCE,30549000,30.5490,success=false
2026-02-15T10:56:07.498186200Z,1771152967498,E2E_GOVERNANCE,28834001,28.8340,success=false
2026-02-15T10:56:07.528201400Z,1771152967528,E2E_GOVERNANCE,29400500,29.4005,success=false
2026-02-15T10:56:07.557637700Z,1771152967557,E2E_GOVERNANCE,29344599,29.3446,success=false
2026-02-15T10:56:07.586118100Z,1771152967586,E2E_GOVERNANCE,28329500,28.3295,success=false
2026-02-15T10:56:07.613541200Z,1771152967613,E2E_GOVERNANCE,27334500,27.3345,success=false
2026-02-15T10:56:07.640202Z,1771152967640,E2E_GOVERNANCE,26834401,26.8344,success=false
2026-02-15T10:56:07.667387700Z,1771152967667,E2E_GOVERNANCE,26994901,26.9949,success=false
2026-02-15T10:56:07.694686900Z,1771152967694,E2E_GOVERNANCE,28051999,28.0520,success=false
2026-02-15T10:56:07.728289400Z,1771152967728,E2E_GOVERNANCE,32501199,32.5012,success=false
2026-02-15T10:56:07.755144800Z,1771152967755,E2E_GOVERNANCE,27063900,27.0639,success=false
2026-02-15T10:56:07.781682700Z,1771152967781,E2E_GOVERNANCE,26408000,26.4080,success=false
2026-02-15T10:56:07.811723700Z,1771152967811,E2E_GOVERNANCE,30010100,30.0101,success=false
2026-02-15T10:56:07.841766500Z,1771152967841,E2E_GOVERNANCE,29963600,29.9636,success=false
2026-02-15T10:56:07.869627600Z,1771152967869,E2E_GOVERNANCE,27731699,27.7317,success=false
2026-02-15T10:56:07.897462900Z,1771152967897,E2E_GOVERNANCE,27609300,27.6093,success=false
2026-02-15T10:56:07.926347Z,1771152967926,E2E_GOVERNANCE,28805400,28.8054,success=false
2026-02-15T10:56:07.955672Z,1771152967955,E2E_GOVERNANCE,29192600,29.1926,success=false
2026-02-15T10:56:07.985784800Z,1771152967985,E2E_GOVERNANCE,29831600,29.8316,success=false
2026-02-15T10:56:08.014928700Z,1771152968014,E2E_GOVERNANCE,29092999,29.0930,success=false
2026-02-15T10:56:08.044458900Z,1771152968044,E2E_GOVERNANCE,29718500,29.7185,success=false
2026-02-15T10:56:08.073238900Z,1771152968073,E2E_GOVERNANCE,28651200,28.6512,success=false
2026-02-15T10:56:08.100836400Z,1771152968100,E2E_GOVERNANCE,27633700,27.6337,success=false
2026-02-15T10:56:08.134283100Z,1771152968134,E2E_GOVERNANCE,33350900,33.3509,success=false
2026-02-15T10:56:08.163868600Z,1771152968163,E2E_GOVERNANCE,29179900,29.1799,success=false
2026-02-15T10:56:08.191428600Z,1771152968191,E2E_GOVERNANCE,27746400,27.7464,success=false
2026-02-15T10:56:08.219596900Z,1771152968219,E2E_GOVERNANCE,28065600,28.0656,success=false
2026-02-15T10:56:08.246434500Z,1771152968246,E2E_GOVERNANCE,26900400,26.9004,success=false
2026-02-15T10:56:08.272731300Z,1771152968272,E2E_GOVERNANCE,26296400,26.2964,success=false
2026-02-15T10:56:08.299871400Z,1771152968299,E2E_GOVERNANCE,26884500,26.8845,success=false
2026-02-15T10:56:08.325023Z,1771152968325,E2E_GOVERNANCE,25206100,25.2061,success=false
2026-02-15T10:56:08.348086500Z,1771152968348,E2E_GOVERNANCE,23341400,23.3414,success=false
2026-02-15T10:56:08.374847600Z,1771152968374,E2E_GOVERNANCE,26219399,26.2194,success=false
2026-02-15T10:56:08.402121200Z,1771152968402,E2E_GOVERNANCE,27318000,27.3180,success=false
2026-02-15T10:56:08.429509300Z,1771152968429,E2E_GOVERNANCE,27529900,27.5299,success=false
2026-02-15T10:56:08.457148900Z,1771152968457,E2E_GOVERNANCE,27159699,27.1597,success=false
2026-02-15T10:56:08.483982600Z,1771152968483,E2E_GOVERNANCE,26864401,26.8644,success=false
2026-02-15T10:56:08.510057700Z,1771152968510,E2E_GOVERNANCE,26137400,26.1374,success=false
2026-02-15T10:56:08.538690600Z,1771152968538,E2E_GOVERNANCE,28384301,28.3843,success=false
2026-02-15T10:56:08.563891700Z,1771152968563,E2E_GOVERNANCE,25071100,25.0711,success=false
2026-02-15T10:56:08.587833Z,1771152968587,E2E_GOVERNANCE,24139001,24.1390,success=false
2026-02-15T10:56:08.614331500Z,1771152968614,E2E_GOVERNANCE,26374400,26.3744,success=false
2026-02-15T10:56:08.642421300Z,1771152968642,E2E_GOVERNANCE,27972000,27.9720,success=false
2026-02-15T10:56:08.669097Z,1771152968669,E2E_GOVERNANCE,26337400,26.3374,success=false
2026-02-15T10:56:08.696733800Z,1771152968696,E2E_GOVERNANCE,27713500,27.7135,success=false
2026-02-15T10:56:08.724978100Z,1771152968724,E2E_GOVERNANCE,28035099,28.0351,success=false
2026-02-15T10:56:08.752245200Z,1771152968752,E2E_GOVERNANCE,27613099,27.6131,success=false
2026-02-15T10:56:08.780342200Z,1771152968780,E2E_GOVERNANCE,28019201,28.0192,success=false
2026-02-15T10:56:08.806010500Z,1771152968806,E2E_GOVERNANCE,25550401,25.5504,success=false
2026-02-15T10:56:08.832341900Z,1771152968832,E2E_GOVERNANCE,26218399,26.2184,success=false
2026-02-15T10:56:08.859916700Z,1771152968859,E2E_GOVERNANCE,27298600,27.2986,success=false
2026-02-15T10:56:08.885897600Z,1771152968885,E2E_GOVERNANCE,26135500,26.1355,success=false
2026-02-15T10:56:08.913075600Z,1771152968913,E2E_GOVERNANCE,27062800,27.0628,success=false
2026-02-15T10:56:08.940919600Z,1771152968940,E2E_GOVERNANCE,27855800,27.8558,success=false
2026-02-15T10:56:08.967079Z,1771152968967,E2E_GOVERNANCE,25871900,25.8719,success=false
2026-02-15T10:56:08.993476Z,1771152968993,E2E_GOVERNANCE,26834999,26.8350,success=false
2026-02-15T10:56:09.021242100Z,1771152969021,E2E_GOVERNANCE,27352900,27.3529,success=false
2026-02-15T10:56:09.048969500Z,1771152969048,E2E_GOVERNANCE,27552801,27.5528,success=false
2026-02-15T10:56:09.075916800Z,1771152969075,E2E_GOVERNANCE,26934900,26.9349,success=false
2026-02-15T10:56:09.100840900Z,1771152969100,E2E_GOVERNANCE,24785300,24.7853,success=false
2026-02-15T10:56:09.125426700Z,1771152969125,E2E_GOVERNANCE,24470300,24.4703,success=false
2026-02-15T10:56:09.150593900Z,1771152969150,E2E_GOVERNANCE,25127900,25.1279,success=false
2026-02-15T10:56:09.177938800Z,1771152969177,E2E_GOVERNANCE,27246901,27.2469,success=false
2026-02-15T10:56:09.202533300Z,1771152969202,E2E_GOVERNANCE,24850101,24.8501,success=false
2026-02-15T10:56:09.228110800Z,1771152969228,E2E_GOVERNANCE,25319100,25.3191,success=false
2026-02-15T10:56:09.254651200Z,1771152969254,E2E_GOVERNANCE,26528299,26.5283,success=false
2026-02-15T10:56:09.281318800Z,1771152969281,E2E_GOVERNANCE,26575500,26.5755,success=false
2026-02-15T10:56:09.310537400Z,1771152969310,E2E_GOVERNANCE,29252200,29.2522,success=false
2026-02-15T10:56:09.334718500Z,1771152969334,E2E_GOVERNANCE,23869401,23.8694,success=false
2026-02-15T10:56:09.358484Z,1771152969358,E2E_GOVERNANCE,23957000,23.9570,success=false
2026-02-15T10:56:09.383786200Z,1771152969383,E2E_GOVERNANCE,25172900,25.1729,success=false
2026-02-15T10:56:09.409205300Z,1771152969409,E2E_GOVERNANCE,25561901,25.5619,success=false
2026-02-15T10:56:09.436530400Z,1771152969436,E2E_GOVERNANCE,27131400,27.1314,success=false
2026-02-15T10:56:09.463710700Z,1771152969463,E2E_GOVERNANCE,26958500,26.9585,success=false
2026-02-15T10:56:09.490222800Z,1771152969490,E2E_GOVERNANCE,26545100,26.5451,success=false
2026-02-15T10:56:09.516891300Z,1771152969516,E2E_GOVERNANCE,26762701,26.7627,success=false
2026-02-15T10:56:09.543077300Z,1771152969543,E2E_GOVERNANCE,25622201,25.6222,success=false
2026-02-15T10:56:09.566864800Z,1771152969566,E2E_GOVERNANCE,23920399,23.9204,success=false
2026-02-15T10:56:09.592503200Z,1771152969592,E2E_GOVERNANCE,25773101,25.7731,success=false
2026-02-15T10:56:09.619435600Z,1771152969619,E2E_GOVERNANCE,26920801,26.9208,success=false
2026-02-15T10:56:09.647401500Z,1771152969647,E2E_GOVERNANCE,27501600,27.5016,success=false
2026-02-15T10:56:09.673552300Z,1771152969673,E2E_GOVERNANCE,26087000,26.0870,success=false
2026-02-15T10:56:09.700972800Z,1771152969700,E2E_GOVERNANCE,27305000,27.3050,success=false
2026-02-15T10:56:09.729254200Z,1771152969729,E2E_GOVERNANCE,28336400,28.3364,success=false
2026-02-15T10:56:09.757647Z,1771152969757,E2E_GOVERNANCE,28204601,28.2046,success=false
2026-02-15T10:56:09.784679700Z,1771152969784,E2E_GOVERNANCE,27156899,27.1569,success=false
2026-02-15T10:56:09.811284400Z,1771152969811,E2E_GOVERNANCE,26392800,26.3928,success=false
2026-02-15T10:56:09.838267300Z,1771152969838,E2E_GOVERNANCE,27297500,27.2975,success=false
2026-02-15T10:56:09.866658500Z,1771152969866,E2E_GOVERNANCE,27886700,27.8867,success=false
2026-02-15T10:56:09.896003400Z,1771152969896,E2E_GOVERNANCE,29334399,29.3344,success=false
2026-02-15T10:56:09.925945300Z,1771152969925,E2E_GOVERNANCE,29885600,29.8856,success=false
2026-02-15T10:56:09.954432100Z,1771152969954,E2E_GOVERNANCE,28498200,28.4982,success=false
2026-02-15T10:56:09.983068400Z,1771152969983,E2E_GOVERNANCE,28446000,28.4460,success=false
2026-02-15T10:56:10.010255700Z,1771152970010,E2E_GOVERNANCE,27465499,27.4655,success=false
2026-02-15T10:56:10.036199900Z,1771152970036,E2E_GOVERNANCE,25795000,25.7950,success=false
2026-02-15T10:56:10.061164700Z,1771152970061,E2E_GOVERNANCE,24924701,24.9247,success=false
2026-02-15T10:56:10.087950600Z,1771152970087,E2E_GOVERNANCE,26642900,26.6429,success=false
2026-02-15T10:56:10.113232600Z,1771152970113,E2E_GOVERNANCE,25265101,25.2651,success=false
2026-02-15T10:56:10.140168400Z,1771152970140,E2E_GOVERNANCE,26771300,26.7713,success=false
2026-02-15T10:56:10.166562900Z,1771152970166,E2E_GOVERNANCE,26132900,26.1329,success=false
2026-02-15T10:56:10.191943700Z,1771152970191,E2E_GOVERNANCE,25406500,25.4065,success=false
2026-02-15T10:56:10.217957300Z,1771152970217,E2E_GOVERNANCE,26073900,26.0739,success=false
2026-02-15T10:56:10.245059Z,1771152970245,E2E_GOVERNANCE,27041200,27.0412,success=false
2026-02-15T10:56:10.271892700Z,1771152970271,E2E_GOVERNANCE,26686401,26.6864,success=false
2026-02-15T10:56:10.297415600Z,1771152970297,E2E_GOVERNANCE,25412399,25.4124,success=false
2026-02-15T10:56:10.322243Z,1771152970322,E2E_GOVERNANCE,24895701,24.8957,success=false
2026-02-15T10:56:10.349359Z,1771152970349,E2E_GOVERNANCE,27138201,27.1382,success=false
2026-02-15T10:56:10.375718500Z,1771152970375,E2E_GOVERNANCE,26365500,26.3655,success=false
2026-02-15T10:56:10.400585900Z,1771152970400,E2E_GOVERNANCE,24599600,24.5996,success=false
2026-02-15T10:56:10.426882600Z,1771152970426,E2E_GOVERNANCE,26314300,26.3143,success=false
2026-02-15T10:56:10.452813Z,1771152970452,E2E_GOVERNANCE,25771600,25.7716,success=false
2026-02-15T10:56:10.477459100Z,1771152970477,E2E_GOVERNANCE,24596401,24.5964,success=false
2026-02-15T10:56:10.505279400Z,1771152970505,E2E_GOVERNANCE,27787601,27.7876,success=false
2026-02-15T10:56:10.533017400Z,1771152970533,E2E_GOVERNANCE,27405600,27.4056,success=false
2026-02-15T10:56:10.559547200Z,1771152970559,E2E_GOVERNANCE,26679600,26.6796,success=false
2026-02-15T10:56:10.585221500Z,1771152970585,E2E_GOVERNANCE,25841300,25.8413,success=false
2026-02-15T10:56:10.610548900Z,1771152970610,E2E_GOVERNANCE,25026800,25.0268,success=false
2026-02-15T10:56:10.637142900Z,1771152970637,E2E_GOVERNANCE,26565199,26.5652,success=false
2026-02-15T10:56:10.663110900Z,1771152970663,E2E_GOVERNANCE,26012501,26.0125,success=false
2026-02-15T10:56:10.689561800Z,1771152970689,E2E_GOVERNANCE,26285499,26.2855,success=false
2026-02-15T10:56:10.716327400Z,1771152970716,E2E_GOVERNANCE,26662800,26.6628,success=false
2026-02-15T10:56:10.742796900Z,1771152970742,E2E_GOVERNANCE,26651400,26.6514,success=false
2026-02-15T10:56:10.769805700Z,1771152970769,E2E_GOVERNANCE,26950900,26.9509,success=false
2026-02-15T10:56:10.797454700Z,1771152970797,E2E_GOVERNANCE,27514800,27.5148,success=false
2026-02-15T10:56:10.825376300Z,1771152970825,E2E_GOVERNANCE,27801700,27.8017,success=false
2026-02-15T10:56:10.855139300Z,1771152970855,E2E_GOVERNANCE,29265301,29.2653,success=false
2026-02-15T10:56:10.883802800Z,1771152970883,E2E_GOVERNANCE,28667900,28.6679,success=false
2026-02-15T10:56:10.911188100Z,1771152970911,E2E_GOVERNANCE,27295800,27.2958,success=false
2026-02-15T10:56:10.937580600Z,1771152970937,E2E_GOVERNANCE,26540099,26.5401,success=false
2026-02-15T10:56:10.965153500Z,1771152970965,E2E_GOVERNANCE,27279200,27.2792,success=false
2026-02-15T10:56:10.991616Z,1771152970991,E2E_GOVERNANCE,26710500,26.7105,success=false
2026-02-15T10:56:11.018339500Z,1771152971018,E2E_GOVERNANCE,26446600,26.4466,success=false
2026-02-15T10:56:11.045753700Z,1771152971045,E2E_GOVERNANCE,27501900,27.5019,success=false
2026-02-15T10:56:11.073488900Z,1771152971073,E2E_GOVERNANCE,27782601,27.7826,success=false
2026-02-15T10:56:11.101816700Z,1771152971101,E2E_GOVERNANCE,27993700,27.9937,success=false
2026-02-15T10:56:11.130020700Z,1771152971130,E2E_GOVERNANCE,28432600,28.4326,success=false
2026-02-15T10:56:11.155773800Z,1771152971155,E2E_GOVERNANCE,25577201,25.5772,success=false
2026-02-15T10:56:11.180755700Z,1771152971180,E2E_GOVERNANCE,24584800,24.5848,success=false
2026-02-15T10:56:11.205881Z,1771152971205,E2E_GOVERNANCE,25041701,25.0417,success=false
2026-02-15T10:56:11.232426500Z,1771152971232,E2E_GOVERNANCE,26767200,26.7672,success=false
2026-02-15T10:56:11.261329800Z,1771152971261,E2E_GOVERNANCE,28607401,28.6074,success=false
2026-02-15T10:56:11.288069900Z,1771152971288,E2E_GOVERNANCE,26857000,26.8570,success=false
2026-02-15T10:56:11.312000400Z,1771152971312,E2E_GOVERNANCE,23804400,23.8044,success=false
2026-02-15T10:56:11.337570700Z,1771152971337,E2E_GOVERNANCE,25316000,25.3160,success=false
2026-02-15T10:56:11.363913100Z,1771152971363,E2E_GOVERNANCE,26603200,26.6032,success=false
2026-02-15T10:56:11.390884800Z,1771152971390,E2E_GOVERNANCE,26850301,26.8503,success=false
2026-02-15T10:56:11.417534100Z,1771152971417,E2E_GOVERNANCE,26593001,26.5930,success=false
2026-02-15T10:56:11.444554400Z,1771152971444,E2E_GOVERNANCE,26630801,26.6308,success=false
2026-02-15T10:56:11.469780900Z,1771152971469,E2E_GOVERNANCE,25511500,25.5115,success=false
2026-02-15T10:56:11.494945400Z,1771152971494,E2E_GOVERNANCE,24787500,24.7875,success=false
2026-02-15T10:56:11.520909800Z,1771152971520,E2E_GOVERNANCE,26337700,26.3377,success=false
2026-02-15T10:56:11.547Z,1771152971547,E2E_GOVERNANCE,25929800,25.9298,success=false
2026-02-15T10:56:11.574061200Z,1771152971574,E2E_GOVERNANCE,26697600,26.6976,success=false
2026-02-15T10:56:11.600328500Z,1771152971600,E2E_GOVERNANCE,26185001,26.1850,success=false
2026-02-15T10:56:11.626934700Z,1771152971626,E2E_GOVERNANCE,26606800,26.6068,success=false
2026-02-15T10:56:11.652976100Z,1771152971652,E2E_GOVERNANCE,26147299,26.1473,success=false
2026-02-15T10:56:11.679269300Z,1771152971679,E2E_GOVERNANCE,26187400,26.1874,success=false
2026-02-15T10:56:11.704307800Z,1771152971704,E2E_GOVERNANCE,25072601,25.0726,success=false
2026-02-15T10:56:11.728828300Z,1771152971728,E2E_GOVERNANCE,24652701,24.6527,success=false
2026-02-15T10:56:11.754935500Z,1771152971754,E2E_GOVERNANCE,25872800,25.8728,success=false
2026-02-15T10:56:11.781333800Z,1771152971781,E2E_GOVERNANCE,26183699,26.1837,success=false
2026-02-15T10:56:11.806310900Z,1771152971806,E2E_GOVERNANCE,24779100,24.7791,success=false
2026-02-15T10:56:11.833088400Z,1771152971833,E2E_GOVERNANCE,26819700,26.8197,success=false
2026-02-15T10:56:11.858346100Z,1771152971858,E2E_GOVERNANCE,25408800,25.4088,success=false
2026-02-15T10:56:11.884025400Z,1771152971884,E2E_GOVERNANCE,25251000,25.2510,success=false
2026-02-15T10:56:11.910524100Z,1771152971910,E2E_GOVERNANCE,26409900,26.4099,success=false
2026-02-15T10:56:11.937081Z,1771152971937,E2E_GOVERNANCE,26772199,26.7722,success=false
2026-02-15T10:56:11.964086500Z,1771152971964,E2E_GOVERNANCE,26947400,26.9474,success=false
2026-02-15T10:56:11.991734700Z,1771152971991,E2E_GOVERNANCE,27376300,27.3763,success=false
2026-02-15T10:56:12.019191400Z,1771152972019,E2E_GOVERNANCE,27710800,27.7108,success=false
2026-02-15T10:56:12.047065100Z,1771152972047,E2E_GOVERNANCE,27583700,27.5837,success=false
2026-02-15T10:56:12.073173300Z,1771152972073,E2E_GOVERNANCE,25886100,25.8861,success=false
2026-02-15T10:56:12.098359Z,1771152972098,E2E_GOVERNANCE,25283700,25.2837,success=false
2026-02-15T10:56:12.123532Z,1771152972123,E2E_GOVERNANCE,24939900,24.9399,success=false
2026-02-15T10:56:12.148740800Z,1771152972148,E2E_GOVERNANCE,25207300,25.2073,success=false
2026-02-15T10:56:12.176094Z,1771152972176,E2E_GOVERNANCE,27481701,27.4817,success=false
2026-02-15T10:56:12.203532Z,1771152972203,E2E_GOVERNANCE,27246200,27.2462,success=false
2026-02-15T10:56:12.231585300Z,1771152972231,E2E_GOVERNANCE,27688599,27.6886,success=false
2026-02-15T10:56:12.259657700Z,1771152972259,E2E_GOVERNANCE,28020200,28.0202,success=false
2026-02-15T10:56:12.285540300Z,1771152972285,E2E_GOVERNANCE,26160700,26.1607,success=false
2026-02-15T10:56:12.310798Z,1771152972310,E2E_GOVERNANCE,25232599,25.2326,success=false
2026-02-15T10:56:12.337434300Z,1771152972337,E2E_GOVERNANCE,26426600,26.4266,success=false
2026-02-15T10:56:12.363934700Z,1771152972363,E2E_GOVERNANCE,26703400,26.7034,success=false
2026-02-15T10:56:12.391406500Z,1771152972391,E2E_GOVERNANCE,26963501,26.9635,success=false
2026-02-15T10:56:12.418771Z,1771152972418,E2E_GOVERNANCE,27349599,27.3496,success=false
2026-02-15T10:56:12.448198700Z,1771152972448,E2E_GOVERNANCE,29600901,29.6009,success=false
2026-02-15T10:56:12.477193600Z,1771152972477,E2E_GOVERNANCE,28829000,28.8290,success=false
2026-02-15T10:56:12.503672500Z,1771152972503,E2E_GOVERNANCE,26577900,26.5779,success=false
2026-02-15T10:56:12.530402Z,1771152972530,E2E_GOVERNANCE,26290599,26.2906,success=false
2026-02-15T10:56:12.554343600Z,1771152972554,E2E_GOVERNANCE,24229299,24.2293,success=false
2026-02-15T10:56:12.582247500Z,1771152972582,E2E_GOVERNANCE,27609300,27.6093,success=false
2026-02-15T10:56:12.614732300Z,1771152972614,E2E_GOVERNANCE,32300501,32.3005,success=false
2026-02-15T10:56:12.644073500Z,1771152972644,E2E_GOVERNANCE,29302201,29.3022,success=false
2026-02-15T10:56:12.671903200Z,1771152972671,E2E_GOVERNANCE,27623101,27.6231,success=false
2026-02-15T10:56:12.698723900Z,1771152972698,E2E_GOVERNANCE,27027000,27.0270,success=false
2026-02-15T10:56:12.723894600Z,1771152972723,E2E_GOVERNANCE,25192499,25.1925,success=false
2026-02-15T10:56:12.749151900Z,1771152972749,E2E_GOVERNANCE,25291199,25.2912,success=false
2026-02-15T10:56:12.774533800Z,1771152972774,E2E_GOVERNANCE,24896300,24.8963,success=false
2026-02-15T10:56:12.802445700Z,1771152972802,E2E_GOVERNANCE,27872000,27.8720,success=false
2026-02-15T10:56:12.833049300Z,1771152972833,E2E_GOVERNANCE,30559499,30.5595,success=false
2026-02-15T10:56:12.863110400Z,1771152972863,E2E_GOVERNANCE,30111000,30.1110,success=false
2026-02-15T10:56:12.894043300Z,1771152972894,E2E_GOVERNANCE,30983900,30.9839,success=false
2026-02-15T10:56:12.925049400Z,1771152972925,E2E_GOVERNANCE,30751101,30.7511,success=false
2026-02-15T10:56:12.952008500Z,1771152972952,E2E_GOVERNANCE,26692900,26.6929,success=false
2026-02-15T10:56:12.979550800Z,1771152972979,E2E_GOVERNANCE,27528800,27.5288,success=false
2026-02-15T10:56:13.006309700Z,1771152973006,E2E_GOVERNANCE,26876401,26.8764,success=false
2026-02-15T10:56:13.034198200Z,1771152973034,E2E_GOVERNANCE,27562601,27.5626,success=false
2026-02-15T10:56:13.061917800Z,1771152973061,E2E_GOVERNANCE,27803900,27.8039,success=false
2026-02-15T10:56:13.090084600Z,1771152973090,E2E_GOVERNANCE,28051901,28.0519,success=false
2026-02-15T10:56:13.118070300Z,1771152973118,E2E_GOVERNANCE,27969599,27.9696,success=false
2026-02-15T10:56:13.144028800Z,1771152973144,E2E_GOVERNANCE,26036600,26.0366,success=false
2026-02-15T10:56:13.171177400Z,1771152973171,E2E_GOVERNANCE,27130200,27.1302,success=false
2026-02-15T10:56:13.199672700Z,1771152973199,E2E_GOVERNANCE,28082201,28.0822,success=false
2026-02-15T10:56:13.226827700Z,1771152973226,E2E_GOVERNANCE,27180200,27.1802,success=false
2026-02-15T10:56:13.254033500Z,1771152973254,E2E_GOVERNANCE,27200801,27.2008,success=false
2026-02-15T10:56:13.280938300Z,1771152973280,E2E_GOVERNANCE,26564100,26.5641,success=false
2026-02-15T10:56:13.309538300Z,1771152973309,E2E_GOVERNANCE,28972400,28.9724,success=false
2026-02-15T10:56:13.338699500Z,1771152973338,E2E_GOVERNANCE,28783200,28.7832,success=false
2026-02-15T10:56:13.366439700Z,1771152973366,E2E_GOVERNANCE,27895000,27.8950,success=false
2026-02-15T10:56:13.393649500Z,1771152973393,E2E_GOVERNANCE,26848100,26.8481,success=false
2026-02-15T10:56:13.420257600Z,1771152973420,E2E_GOVERNANCE,27337401,27.3374,success=false
2026-02-15T10:56:13.448345500Z,1771152973448,E2E_GOVERNANCE,27399100,27.3991,success=false
2026-02-15T10:56:13.474065900Z,1771152973474,E2E_GOVERNANCE,25813600,25.8136,success=false
2026-02-15T10:56:13.499588400Z,1771152973499,E2E_GOVERNANCE,25099000,25.0990,success=false
2026-02-15T10:56:13.526760300Z,1771152973526,E2E_GOVERNANCE,27115500,27.1155,success=false
2026-02-15T10:56:13.553590600Z,1771152973553,E2E_GOVERNANCE,26967899,26.9679,success=false
2026-02-15T10:56:13.582698500Z,1771152973582,E2E_GOVERNANCE,28940499,28.9405,success=false
2026-02-15T10:56:13.608390600Z,1771152973608,E2E_GOVERNANCE,25815600,25.8156,success=false
2026-02-15T10:56:13.633776900Z,1771152973633,E2E_GOVERNANCE,24940500,24.9405,success=false
2026-02-15T10:56:13.659167400Z,1771152973659,E2E_GOVERNANCE,25771300,25.7713,success=false
2026-02-15T10:56:13.686189100Z,1771152973686,E2E_GOVERNANCE,26720100,26.7201,success=false
2026-02-15T10:56:13.712412100Z,1771152973712,E2E_GOVERNANCE,26445699,26.4457,success=false
2026-02-15T10:56:13.739032500Z,1771152973739,E2E_GOVERNANCE,26590200,26.5902,success=false
2026-02-15T10:56:13.764475Z,1771152973764,E2E_GOVERNANCE,24997799,24.9978,success=false
2026-02-15T10:56:13.788614300Z,1771152973788,E2E_GOVERNANCE,24385000,24.3850,success=false
2026-02-15T10:56:13.814408200Z,1771152973814,E2E_GOVERNANCE,25474499,25.4745,success=false
2026-02-15T10:56:13.839534600Z,1771152973839,E2E_GOVERNANCE,24999401,24.9994,success=false
2026-02-15T10:56:13.864303900Z,1771152973864,E2E_GOVERNANCE,24886900,24.8869,success=false
2026-02-15T10:56:13.890480Z,1771152973890,E2E_GOVERNANCE,26002500,26.0025,success=false
2026-02-15T10:56:13.914986200Z,1771152973914,E2E_GOVERNANCE,24576000,24.5760,success=false
2026-02-15T10:56:13.939691500Z,1771152973939,E2E_GOVERNANCE,24433200,24.4332,success=false
2026-02-15T10:56:13.964146300Z,1771152973964,E2E_GOVERNANCE,24638800,24.6388,success=false
2026-02-15T10:56:13.988942400Z,1771152973988,E2E_GOVERNANCE,24868500,24.8685,success=false
2026-02-15T10:56:14.014825700Z,1771152974014,E2E_GOVERNANCE,25715000,25.7150,success=false
2026-02-15T10:56:14.040030100Z,1771152974040,E2E_GOVERNANCE,25027601,25.0276,success=false
2026-02-15T10:56:14.064262500Z,1771152974064,E2E_GOVERNANCE,23989601,23.9896,success=false
2026-02-15T10:56:14.089793900Z,1771152974089,E2E_GOVERNANCE,25811500,25.8115,success=false
2026-02-15T10:56:14.117653Z,1771152974117,E2E_GOVERNANCE,27475699,27.4757,success=false
2026-02-15T10:56:14.145486Z,1771152974145,E2E_GOVERNANCE,28080601,28.0806,success=false
2026-02-15T10:56:14.172502400Z,1771152974172,E2E_GOVERNANCE,27032599,27.0326,success=false
2026-02-15T10:56:14.201257800Z,1771152974201,E2E_GOVERNANCE,28190501,28.1905,success=false
2026-02-15T10:56:14.228964300Z,1771152974228,E2E_GOVERNANCE,27925700,27.9257,success=false
2026-02-15T10:56:14.256303800Z,1771152974256,E2E_GOVERNANCE,27068500,27.0685,success=false
2026-02-15T10:56:14.281046Z,1771152974281,E2E_GOVERNANCE,25334401,25.3344,success=false
2026-02-15T10:56:14.304669100Z,1771152974304,E2E_GOVERNANCE,23215700,23.2157,success=false
2026-02-15T10:56:14.329707600Z,1771152974329,E2E_GOVERNANCE,25034800,25.0348,success=false
2026-02-15T10:56:14.358543600Z,1771152974358,E2E_GOVERNANCE,28477899,28.4779,success=false
2026-02-15T10:56:14.385309400Z,1771152974385,E2E_GOVERNANCE,26757700,26.7577,success=false
2026-02-15T10:56:14.412830400Z,1771152974412,E2E_GOVERNANCE,27448301,27.4483,success=false
2026-02-15T10:56:14.444302600Z,1771152974444,E2E_GOVERNANCE,31118000,31.1180,success=false
2026-02-15T10:56:14.476137600Z,1771152974476,E2E_GOVERNANCE,31945400,31.9454,success=false
2026-02-15T10:56:14.510525800Z,1771152974510,E2E_GOVERNANCE,34454500,34.4545,success=false
2026-02-15T10:56:14.548312700Z,1771152974548,E2E_GOVERNANCE,37364300,37.3643,success=false
2026-02-15T10:56:14.587850700Z,1771152974587,E2E_GOVERNANCE,39943701,39.9437,success=false
2026-02-15T10:56:14.620537200Z,1771152974620,E2E_GOVERNANCE,32125200,32.1252,success=false
2026-02-15T10:56:14.653684600Z,1771152974653,E2E_GOVERNANCE,33219700,33.2197,success=false
2026-02-15T10:56:14.683713500Z,1771152974683,E2E_GOVERNANCE,29897300,29.8973,success=false
2026-02-15T10:56:14.715085900Z,1771152974715,E2E_GOVERNANCE,31229899,31.2299,success=false
2026-02-15T10:56:14.745425900Z,1771152974745,E2E_GOVERNANCE,30251999,30.2520,success=false
2026-02-15T10:56:14.775186Z,1771152974775,E2E_GOVERNANCE,30011800,30.0118,success=false
2026-02-15T10:56:14.803068700Z,1771152974803,E2E_GOVERNANCE,27457900,27.4579,success=false
2026-02-15T10:56:14.830301600Z,1771152974830,E2E_GOVERNANCE,27360200,27.3602,success=false
2026-02-15T10:56:14.857794100Z,1771152974857,E2E_GOVERNANCE,27515100,27.5151,success=false
2026-02-15T10:56:14.884476500Z,1771152974884,E2E_GOVERNANCE,26410600,26.4106,success=false
2026-02-15T10:56:14.911355Z,1771152974911,E2E_GOVERNANCE,26985900,26.9859,success=false
2026-02-15T10:56:14.940023300Z,1771152974940,E2E_GOVERNANCE,28492100,28.4921,success=false
2026-02-15T10:56:14.965978500Z,1771152974965,E2E_GOVERNANCE,26117300,26.1173,success=false
2026-02-15T10:56:14.994504500Z,1771152974994,E2E_GOVERNANCE,28191300,28.1913,success=false
2026-02-15T10:56:15.021971100Z,1771152975021,E2E_GOVERNANCE,27249699,27.2497,success=false
2026-02-15T10:56:15.048706Z,1771152975048,E2E_GOVERNANCE,26787800,26.7878,success=false
2026-02-15T10:56:15.076092200Z,1771152975076,E2E_GOVERNANCE,27074900,27.0749,success=false
2026-02-15T10:56:15.104434800Z,1771152975104,E2E_GOVERNANCE,28466000,28.4660,success=false
2026-02-15T10:56:15.136511600Z,1771152975136,E2E_GOVERNANCE,32077999,32.0780,success=false
2026-02-15T10:56:15.166245700Z,1771152975166,E2E_GOVERNANCE,29598601,29.5986,success=false
2026-02-15T10:56:15.193162600Z,1771152975193,E2E_GOVERNANCE,26915999,26.9160,success=false
2026-02-15T10:56:15.221207700Z,1771152975221,E2E_GOVERNANCE,27985700,27.9857,success=false
2026-02-15T10:56:15.250821900Z,1771152975250,E2E_GOVERNANCE,29477900,29.4779,success=false
2026-02-15T10:56:15.279505700Z,1771152975279,E2E_GOVERNANCE,28378900,28.3789,success=false
2026-02-15T10:56:15.308107400Z,1771152975308,E2E_GOVERNANCE,28521700,28.5217,success=false
2026-02-15T10:56:15.339714500Z,1771152975339,E2E_GOVERNANCE,31776200,31.7762,success=false
2026-02-15T10:56:15.369345500Z,1771152975369,E2E_GOVERNANCE,29413600,29.4136,success=false
2026-02-15T10:56:15.399985500Z,1771152975399,E2E_GOVERNANCE,30892900,30.8929,success=false
2026-02-15T10:56:15.431215500Z,1771152975431,E2E_GOVERNANCE,30891000,30.8910,success=false
2026-02-15T10:56:15.471939Z,1771152975471,E2E_GOVERNANCE,40625700,40.6257,success=false
2026-02-15T10:56:15.516320400Z,1771152975516,E2E_GOVERNANCE,44156100,44.1561,success=false
2026-02-15T10:56:15.557464700Z,1771152975557,E2E_GOVERNANCE,41159401,41.1594,success=false
2026-02-15T10:56:15.593431600Z,1771152975593,E2E_GOVERNANCE,35666900,35.6669,success=false
2026-02-15T10:56:15.631960100Z,1771152975631,E2E_GOVERNANCE,38586701,38.5867,success=false
2026-02-15T10:56:15.669393Z,1771152975669,E2E_GOVERNANCE,37335600,37.3356,success=false
2026-02-15T10:56:15.703420600Z,1771152975703,E2E_GOVERNANCE,34065101,34.0651,success=false
2026-02-15T10:56:15.742873800Z,1771152975742,E2E_GOVERNANCE,39066201,39.0662,success=false
2026-02-15T10:56:15.782304900Z,1771152975782,E2E_GOVERNANCE,39378301,39.3783,success=false
2026-02-15T10:56:15.811338300Z,1771152975811,E2E_GOVERNANCE,29366400,29.3664,success=false
2026-02-15T10:56:15.839456200Z,1771152975839,E2E_GOVERNANCE,27878200,27.8782,success=false
2026-02-15T10:56:15.867516800Z,1771152975867,E2E_GOVERNANCE,27852900,27.8529,success=false
2026-02-15T10:56:15.896988400Z,1771152975896,E2E_GOVERNANCE,29303600,29.3036,success=false
2026-02-15T10:56:15.924766400Z,1771152975924,E2E_GOVERNANCE,27746201,27.7462,success=false
2026-02-15T10:56:15.951679100Z,1771152975951,E2E_GOVERNANCE,27086400,27.0864,success=false
2026-02-15T10:56:15.978568200Z,1771152975978,E2E_GOVERNANCE,26699101,26.6991,success=false
2026-02-15T10:56:16.005079800Z,1771152976005,E2E_GOVERNANCE,26164600,26.1646,success=false
2026-02-15T10:56:16.032000700Z,1771152976032,E2E_GOVERNANCE,27025800,27.0258,success=false
2026-02-15T10:56:16.058731700Z,1771152976058,E2E_GOVERNANCE,26702401,26.7024,success=false
2026-02-15T10:56:16.082607200Z,1771152976082,E2E_GOVERNANCE,24082000,24.0820,success=false
2026-02-15T10:56:16.107838600Z,1771152976107,E2E_GOVERNANCE,25103100,25.1031,success=false
2026-02-15T10:56:16.136816200Z,1771152976136,E2E_GOVERNANCE,28684700,28.6847,success=false
2026-02-15T10:56:16.161945900Z,1771152976161,E2E_GOVERNANCE,25309200,25.3092,success=false
2026-02-15T10:56:16.186370100Z,1771152976186,E2E_GOVERNANCE,24201500,24.2015,success=false
2026-02-15T10:56:16.212319400Z,1771152976212,E2E_GOVERNANCE,26080500,26.0805,success=false
2026-02-15T10:56:16.237860300Z,1771152976237,E2E_GOVERNANCE,25389299,25.3893,success=false
2026-02-15T10:56:16.262887Z,1771152976262,E2E_GOVERNANCE,24788900,24.7889,success=false
2026-02-15T10:56:16.287323700Z,1771152976287,E2E_GOVERNANCE,24330400,24.3304,success=false
2026-02-15T10:56:16.310736300Z,1771152976310,E2E_GOVERNANCE,23201800,23.2018,success=false
2026-02-15T10:56:16.336606Z,1771152976336,E2E_GOVERNANCE,25900200,25.9002,success=false
2026-02-15T10:56:16.362885900Z,1771152976362,E2E_GOVERNANCE,26546300,26.5463,success=false
2026-02-15T10:56:16.390193Z,1771152976390,E2E_GOVERNANCE,27198100,27.1981,success=false
2026-02-15T10:56:16.417155700Z,1771152976417,E2E_GOVERNANCE,26714300,26.7143,success=false
2026-02-15T10:56:16.443306600Z,1771152976443,E2E_GOVERNANCE,26356400,26.3564,success=false
2026-02-15T10:56:16.469101600Z,1771152976469,E2E_GOVERNANCE,25637599,25.6376,success=false
2026-02-15T10:56:16.496649600Z,1771152976496,E2E_GOVERNANCE,27344500,27.3445,success=false
2026-02-15T10:56:16.522497800Z,1771152976522,E2E_GOVERNANCE,25940200,25.9402,success=false
2026-02-15T10:56:16.548647200Z,1771152976548,E2E_GOVERNANCE,25969500,25.9695,success=false
2026-02-15T10:56:16.575544700Z,1771152976575,E2E_GOVERNANCE,26818800,26.8188,success=false
2026-02-15T10:56:16.602288400Z,1771152976602,E2E_GOVERNANCE,26477801,26.4778,success=false
2026-02-15T10:56:16.630026300Z,1771152976630,E2E_GOVERNANCE,27993100,27.9931,success=false
2026-02-15T10:56:16.659697700Z,1771152976659,E2E_GOVERNANCE,29634401,29.6344,success=false
2026-02-15T10:56:16.687595100Z,1771152976687,E2E_GOVERNANCE,27501700,27.5017,success=false
2026-02-15T10:56:16.714966800Z,1771152976714,E2E_GOVERNANCE,27243700,27.2437,success=false
2026-02-15T10:56:16.742266100Z,1771152976742,E2E_GOVERNANCE,27456501,27.4565,success=false
2026-02-15T10:56:16.769858700Z,1771152976769,E2E_GOVERNANCE,27272700,27.2727,success=false
2026-02-15T10:56:16.795893600Z,1771152976795,E2E_GOVERNANCE,26026401,26.0264,success=false
2026-02-15T10:56:16.823139500Z,1771152976823,E2E_GOVERNANCE,27145000,27.1450,success=false
2026-02-15T10:56:16.849747200Z,1771152976849,E2E_GOVERNANCE,26628400,26.6284,success=false
2026-02-15T10:56:16.875212900Z,1771152976875,E2E_GOVERNANCE,25179700,25.1797,success=false
2026-02-15T10:56:16.900100400Z,1771152976900,E2E_GOVERNANCE,25696000,25.6960,success=false
2026-02-15T10:56:16.926221500Z,1771152976926,E2E_GOVERNANCE,25334300,25.3343,success=false
2026-02-15T10:56:16.951596300Z,1771152976951,E2E_GOVERNANCE,25299200,25.2992,success=false
2026-02-15T10:56:16.977089800Z,1771152976977,E2E_GOVERNANCE,25660200,25.6602,success=false
2026-02-15T10:56:17.002403200Z,1771152977002,E2E_GOVERNANCE,25041699,25.0417,success=false
2026-02-15T10:56:17.027473300Z,1771152977027,E2E_GOVERNANCE,24894601,24.8946,success=false
2026-02-15T10:56:17.052200600Z,1771152977052,E2E_GOVERNANCE,24628600,24.6286,success=false
2026-02-15T10:56:17.077704900Z,1771152977077,E2E_GOVERNANCE,25926699,25.9267,success=false
2026-02-15T10:56:17.105089200Z,1771152977105,E2E_GOVERNANCE,27014300,27.0143,success=false
2026-02-15T10:56:17.130476600Z,1771152977130,E2E_GOVERNANCE,25134999,25.1350,success=false
2026-02-15T10:56:17.154221Z,1771152977154,E2E_GOVERNANCE,24814400,24.8144,success=false
2026-02-15T10:56:17.180423600Z,1771152977180,E2E_GOVERNANCE,25095800,25.0958,success=false
2026-02-15T10:56:17.205583900Z,1771152977205,E2E_GOVERNANCE,25221501,25.2215,success=false
2026-02-15T10:56:17.230946Z,1771152977230,E2E_GOVERNANCE,25168600,25.1686,success=false
2026-02-15T10:56:17.255236500Z,1771152977255,E2E_GOVERNANCE,24385100,24.3851,success=false
2026-02-15T10:56:17.280236800Z,1771152977280,E2E_GOVERNANCE,24980299,24.9803,success=false
2026-02-15T10:56:17.306883300Z,1771152977306,E2E_GOVERNANCE,26277300,26.2773,success=false
2026-02-15T10:56:17.332804900Z,1771152977332,E2E_GOVERNANCE,26034200,26.0342,success=false
2026-02-15T10:56:17.359334300Z,1771152977359,E2E_GOVERNANCE,26545200,26.5452,success=false
2026-02-15T10:56:17.386871500Z,1771152977386,E2E_GOVERNANCE,27577499,27.5775,success=false
2026-02-15T10:56:17.414626300Z,1771152977414,E2E_GOVERNANCE,27653600,27.6536,success=false
2026-02-15T10:56:17.442698500Z,1771152977442,E2E_GOVERNANCE,27995001,27.9950,success=false
2026-02-15T10:56:17.469752700Z,1771152977469,E2E_GOVERNANCE,26940200,26.9402,success=false
2026-02-15T10:56:17.494921700Z,1771152977494,E2E_GOVERNANCE,25081201,25.0812,success=false
2026-02-15T10:56:17.520741500Z,1771152977520,E2E_GOVERNANCE,25609901,25.6099,success=false
2026-02-15T10:56:17.546421Z,1771152977546,E2E_GOVERNANCE,25660801,25.6608,success=false
2026-02-15T10:56:17.572337600Z,1771152977572,E2E_GOVERNANCE,26073300,26.0733,success=false
2026-02-15T10:56:17.600701Z,1771152977600,E2E_GOVERNANCE,28287899,28.2879,success=false
2026-02-15T10:56:17.626168900Z,1771152977626,E2E_GOVERNANCE,25507401,25.5074,success=false
2026-02-15T10:56:17.652393100Z,1771152977652,E2E_GOVERNANCE,26095800,26.0958,success=false
2026-02-15T10:56:17.678489500Z,1771152977678,E2E_GOVERNANCE,25721501,25.7215,success=false
2026-02-15T10:56:17.704417500Z,1771152977704,E2E_GOVERNANCE,25816500,25.8165,success=false
2026-02-15T10:56:17.729428300Z,1771152977729,E2E_GOVERNANCE,24996699,24.9967,success=false
2026-02-15T10:56:17.753246900Z,1771152977753,E2E_GOVERNANCE,24248101,24.2481,success=false
2026-02-15T10:56:17.778450100Z,1771152977778,E2E_GOVERNANCE,25017200,25.0172,success=false
2026-02-15T10:56:17.804782900Z,1771152977804,E2E_GOVERNANCE,26319200,26.3192,success=false
2026-02-15T10:56:17.833193600Z,1771152977833,E2E_GOVERNANCE,28053401,28.0534,success=false
2026-02-15T10:56:17.859001400Z,1771152977859,E2E_GOVERNANCE,25560100,25.5601,success=false
2026-02-15T10:56:17.884798400Z,1771152977884,E2E_GOVERNANCE,26266300,26.2663,success=false
2026-02-15T10:56:17.910106500Z,1771152977910,E2E_GOVERNANCE,24808100,24.8081,success=false
2026-02-15T10:56:17.934517600Z,1771152977934,E2E_GOVERNANCE,24691200,24.6912,success=false
2026-02-15T10:56:17.959742300Z,1771152977959,E2E_GOVERNANCE,24998600,24.9986,success=false
2026-02-15T10:56:17.985066500Z,1771152977985,E2E_GOVERNANCE,24912201,24.9122,success=false
2026-02-15T10:56:18.009641800Z,1771152978009,E2E_GOVERNANCE,24664300,24.6643,success=false
2026-02-15T10:56:18.035102400Z,1771152978035,E2E_GOVERNANCE,25387600,25.3876,success=false
2026-02-15T10:56:18.060625900Z,1771152978060,E2E_GOVERNANCE,25628000,25.6280,success=false
2026-02-15T10:56:18.086337700Z,1771152978086,E2E_GOVERNANCE,25287200,25.2872,success=false
2026-02-15T10:56:18.111739800Z,1771152978111,E2E_GOVERNANCE,25529299,25.5293,success=false
2026-02-15T10:56:18.136420300Z,1771152978136,E2E_GOVERNANCE,24621700,24.6217,success=false
2026-02-15T10:56:18.160942400Z,1771152978160,E2E_GOVERNANCE,25227900,25.2279,success=false
2026-02-15T10:56:18.187255400Z,1771152978187,E2E_GOVERNANCE,25639200,25.6392,success=false
2026-02-15T10:56:18.212048600Z,1771152978212,E2E_GOVERNANCE,24484499,24.4845,success=false
2026-02-15T10:56:18.237560Z,1771152978237,E2E_GOVERNANCE,25467200,25.4672,success=false
2026-02-15T10:56:18.263008400Z,1771152978263,E2E_GOVERNANCE,25643100,25.6431,success=false
2026-02-15T10:56:18.288859200Z,1771152978288,E2E_GOVERNANCE,25468499,25.4685,success=false
2026-02-15T10:56:18.314407400Z,1771152978314,E2E_GOVERNANCE,25594200,25.5942,success=false
2026-02-15T10:56:18.340232100Z,1771152978340,E2E_GOVERNANCE,25659200,25.6592,success=false
2026-02-15T10:56:18.366023800Z,1771152978366,E2E_GOVERNANCE,26038500,26.0385,success=false
2026-02-15T10:56:18.390685600Z,1771152978390,E2E_GOVERNANCE,24366600,24.3666,success=false
2026-02-15T10:56:18.414823900Z,1771152978414,E2E_GOVERNANCE,24043100,24.0431,success=false
2026-02-15T10:56:18.440523800Z,1771152978440,E2E_GOVERNANCE,25847099,25.8471,success=false
2026-02-15T10:56:18.466100600Z,1771152978466,E2E_GOVERNANCE,25260400,25.2604,success=false
2026-02-15T10:56:18.490293500Z,1771152978490,E2E_GOVERNANCE,24348900,24.3489,success=false
2026-02-15T10:56:18.515743400Z,1771152978515,E2E_GOVERNANCE,25403501,25.4035,success=false
2026-02-15T10:56:18.540996Z,1771152978540,E2E_GOVERNANCE,24934700,24.9347,success=false
2026-02-15T10:56:18.565385100Z,1771152978565,E2E_GOVERNANCE,24328100,24.3281,success=false
2026-02-15T10:56:18.589935200Z,1771152978589,E2E_GOVERNANCE,24647301,24.6473,success=false
2026-02-15T10:56:18.616307300Z,1771152978616,E2E_GOVERNANCE,26200099,26.2001,success=false
2026-02-15T10:56:18.641652800Z,1771152978641,E2E_GOVERNANCE,25640200,25.6402,success=false
2026-02-15T10:56:18.667183500Z,1771152978667,E2E_GOVERNANCE,25131899,25.1319,success=false
2026-02-15T10:56:18.692475Z,1771152978692,E2E_GOVERNANCE,25557700,25.5577,success=false
2026-02-15T10:56:18.719118900Z,1771152978719,E2E_GOVERNANCE,26295099,26.2951,success=false
2026-02-15T10:56:18.743930300Z,1771152978743,E2E_GOVERNANCE,24707200,24.7072,success=false
2026-02-15T10:56:18.768109800Z,1771152978768,E2E_GOVERNANCE,24444100,24.4441,success=false
2026-02-15T10:56:18.791813300Z,1771152978791,E2E_GOVERNANCE,23238200,23.2382,success=false
2026-02-15T10:56:18.814583700Z,1771152978814,E2E_GOVERNANCE,22900399,22.9004,success=false
2026-02-15T10:56:18.838990100Z,1771152978838,E2E_GOVERNANCE,24477500,24.4775,success=false
2026-02-15T10:56:18.864077400Z,1771152978864,E2E_GOVERNANCE,24782500,24.7825,success=false
2026-02-15T10:56:18.888308700Z,1771152978888,E2E_GOVERNANCE,24344300,24.3443,success=false
2026-02-15T10:56:18.913627300Z,1771152978913,E2E_GOVERNANCE,25257600,25.2576,success=false
2026-02-15T10:56:18.938976200Z,1771152978938,E2E_GOVERNANCE,25060300,25.0603,success=false
2026-02-15T10:56:18.964196900Z,1771152978964,E2E_GOVERNANCE,25194900,25.1949,success=false
2026-02-15T10:56:18.989151400Z,1771152978989,E2E_GOVERNANCE,25233601,25.2336,success=false
2026-02-15T10:56:19.014223600Z,1771152979014,E2E_GOVERNANCE,24832900,24.8329,success=false
2026-02-15T10:56:19.039731300Z,1771152979039,E2E_GOVERNANCE,25250900,25.2509,success=false
2026-02-15T10:56:19.064564400Z,1771152979064,E2E_GOVERNANCE,24968700,24.9687,success=false
2026-02-15T10:56:19.088764600Z,1771152979088,E2E_GOVERNANCE,24371800,24.3718,success=false
2026-02-15T10:56:19.113449Z,1771152979113,E2E_GOVERNANCE,24441600,24.4416,success=false
2026-02-15T10:56:19.138237500Z,1771152979138,E2E_GOVERNANCE,24523199,24.5232,success=false
2026-02-15T10:56:19.162951800Z,1771152979162,E2E_GOVERNANCE,24526301,24.5263,success=false
2026-02-15T10:56:19.186340200Z,1771152979186,E2E_GOVERNANCE,23422300,23.4223,success=false
2026-02-15T10:56:19.210999Z,1771152979210,E2E_GOVERNANCE,24536699,24.5367,success=false
2026-02-15T10:56:19.235274Z,1771152979235,E2E_GOVERNANCE,24747899,24.7479,success=false
2026-02-15T10:56:19.259219100Z,1771152979259,E2E_GOVERNANCE,23592199,23.5922,success=false
2026-02-15T10:56:19.287248900Z,1771152979287,E2E_GOVERNANCE,27898901,27.8989,success=false
2026-02-15T10:56:19.318465200Z,1771152979318,E2E_GOVERNANCE,31338600,31.3386,success=false
2026-02-15T10:56:19.344498100Z,1771152979344,E2E_GOVERNANCE,25915300,25.9153,success=false
2026-02-15T10:56:19.370348500Z,1771152979370,E2E_GOVERNANCE,25587100,25.5871,success=false
2026-02-15T10:56:19.395847900Z,1771152979395,E2E_GOVERNANCE,25432000,25.4320,success=false
2026-02-15T10:56:19.420915900Z,1771152979420,E2E_GOVERNANCE,25349999,25.3500,success=false
2026-02-15T10:56:19.447176400Z,1771152979447,E2E_GOVERNANCE,26240800,26.2408,success=false
2026-02-15T10:56:19.472280800Z,1771152979472,E2E_GOVERNANCE,24677000,24.6770,success=false
2026-02-15T10:56:19.497255700Z,1771152979497,E2E_GOVERNANCE,24903399,24.9034,success=false
2026-02-15T10:56:19.521469200Z,1771152979521,E2E_GOVERNANCE,24354001,24.3540,success=false
2026-02-15T10:56:19.547852100Z,1771152979547,E2E_GOVERNANCE,26467501,26.4675,success=false
2026-02-15T10:56:19.575781200Z,1771152979575,E2E_GOVERNANCE,27894200,27.8942,success=false
2026-02-15T10:56:19.601453200Z,1771152979601,E2E_GOVERNANCE,25303000,25.3030,success=false
2026-02-15T10:56:19.625828500Z,1771152979625,E2E_GOVERNANCE,24281700,24.2817,success=false
2026-02-15T10:56:19.649601300Z,1771152979649,E2E_GOVERNANCE,23607600,23.6076,success=false
2026-02-15T10:56:19.672885Z,1771152979672,E2E_GOVERNANCE,23559799,23.5598,success=false
2026-02-15T10:56:19.698078200Z,1771152979698,E2E_GOVERNANCE,24837500,24.8375,success=false
2026-02-15T10:56:19.722955400Z,1771152979722,E2E_GOVERNANCE,24910999,24.9110,success=false
2026-02-15T10:56:19.748030700Z,1771152979748,E2E_GOVERNANCE,25148000,25.1480,success=false
2026-02-15T10:56:19.773979Z,1771152979773,E2E_GOVERNANCE,25758599,25.7586,success=false
2026-02-15T10:56:19.800248600Z,1771152979800,E2E_GOVERNANCE,26319800,26.3198,success=false
2026-02-15T10:56:19.826523900Z,1771152979826,E2E_GOVERNANCE,26173200,26.1732,success=false
2026-02-15T10:56:19.851972300Z,1771152979851,E2E_GOVERNANCE,25136500,25.1365,success=false
2026-02-15T10:56:19.876828800Z,1771152979876,E2E_GOVERNANCE,25136500,25.1365,success=false
2026-02-15T10:56:19.901755100Z,1771152979901,E2E_GOVERNANCE,24476201,24.4762,success=false
2026-02-15T10:56:19.926459600Z,1771152979926,E2E_GOVERNANCE,25038299,25.0383,success=false
2026-02-15T10:56:19.951386300Z,1771152979951,E2E_GOVERNANCE,24957900,24.9579,success=false
2026-02-15T10:56:19.976624200Z,1771152979976,E2E_GOVERNANCE,24789201,24.7892,success=false
2026-02-15T10:56:20.001098300Z,1771152980001,E2E_GOVERNANCE,24559600,24.5596,success=false
2026-02-15T10:56:20.026089700Z,1771152980026,E2E_GOVERNANCE,24805599,24.8056,success=false
2026-02-15T10:56:20.050803100Z,1771152980050,E2E_GOVERNANCE,24793900,24.7939,success=false
2026-02-15T10:56:20.075326400Z,1771152980075,E2E_GOVERNANCE,24378001,24.3780,success=false
2026-02-15T10:56:20.099207700Z,1771152980099,E2E_GOVERNANCE,23990300,23.9903,success=false
2026-02-15T10:56:20.125122200Z,1771152980125,E2E_GOVERNANCE,25715800,25.7158,success=false
2026-02-15T10:56:20.151136500Z,1771152980151,E2E_GOVERNANCE,25700399,25.7004,success=false
2026-02-15T10:56:20.175696200Z,1771152980175,E2E_GOVERNANCE,24664201,24.6642,success=false
2026-02-15T10:56:20.200595Z,1771152980200,E2E_GOVERNANCE,24937199,24.9372,success=false
2026-02-15T10:56:20.225586700Z,1771152980225,E2E_GOVERNANCE,24905000,24.9050,success=false
2026-02-15T10:56:20.249224600Z,1771152980249,E2E_GOVERNANCE,23711999,23.7120,success=false
2026-02-15T10:56:20.271788600Z,1771152980271,E2E_GOVERNANCE,22600300,22.6003,success=false
2026-02-15T10:56:20.294740Z,1771152980294,E2E_GOVERNANCE,22797600,22.7976,success=false
2026-02-15T10:56:20.318066700Z,1771152980318,E2E_GOVERNANCE,22905400,22.9054,success=false
2026-02-15T10:56:20.342039500Z,1771152980342,E2E_GOVERNANCE,24224000,24.2240,success=false
2026-02-15T10:56:20.367058100Z,1771152980367,E2E_GOVERNANCE,25106300,25.1063,success=false
2026-02-15T10:56:20.395390500Z,1771152980395,E2E_GOVERNANCE,27967000,27.9670,success=false
2026-02-15T10:56:20.420851400Z,1771152980420,E2E_GOVERNANCE,25450500,25.4505,success=false
2026-02-15T10:56:20.445828300Z,1771152980445,E2E_GOVERNANCE,25137000,25.1370,success=false
2026-02-15T10:56:20.470588900Z,1771152980470,E2E_GOVERNANCE,24333101,24.3331,success=false
2026-02-15T10:56:20.495843Z,1771152980495,E2E_GOVERNANCE,25306800,25.3068,success=false
2026-02-15T10:56:20.521578600Z,1771152980521,E2E_GOVERNANCE,25868199,25.8682,success=false
2026-02-15T10:56:20.546624200Z,1771152980546,E2E_GOVERNANCE,24668200,24.6682,success=false
2026-02-15T10:56:20.571680400Z,1771152980571,E2E_GOVERNANCE,25089700,25.0897,success=false
2026-02-15T10:56:20.596217100Z,1771152980596,E2E_GOVERNANCE,24303700,24.3037,success=false
2026-02-15T10:56:20.622188400Z,1771152980622,E2E_GOVERNANCE,26333400,26.3334,success=false
2026-02-15T10:56:20.648546300Z,1771152980648,E2E_GOVERNANCE,26308399,26.3084,success=false
2026-02-15T10:56:20.674249100Z,1771152980674,E2E_GOVERNANCE,25163499,25.1635,success=false
2026-02-15T10:56:20.700248300Z,1771152980700,E2E_GOVERNANCE,26100299,26.1003,success=false
2026-02-15T10:56:20.723662800Z,1771152980723,E2E_GOVERNANCE,23233900,23.2339,success=false
2026-02-15T10:56:20.747549500Z,1771152980747,E2E_GOVERNANCE,23866901,23.8669,success=false
2026-02-15T10:56:20.772775200Z,1771152980772,E2E_GOVERNANCE,25247700,25.2477,success=false
2026-02-15T10:56:20.797999600Z,1771152980797,E2E_GOVERNANCE,25030601,25.0306,success=false
2026-02-15T10:56:20.823210500Z,1771152980823,E2E_GOVERNANCE,25319901,25.3199,success=false
2026-02-15T10:56:20.849138100Z,1771152980849,E2E_GOVERNANCE,25736700,25.7367,success=false
2026-02-15T10:56:20.874499100Z,1771152980874,E2E_GOVERNANCE,25465000,25.4650,success=false
2026-02-15T10:56:20.899392200Z,1771152980899,E2E_GOVERNANCE,24938500,24.9385,success=false
2026-02-15T10:56:20.924193400Z,1771152980924,E2E_GOVERNANCE,24844800,24.8448,success=false
2026-02-15T10:56:20.950292100Z,1771152980950,E2E_GOVERNANCE,25852601,25.8526,success=false
2026-02-15T10:56:20.975778200Z,1771152980975,E2E_GOVERNANCE,25483800,25.4838,success=false
2026-02-15T10:56:21.001563700Z,1771152981001,E2E_GOVERNANCE,25338400,25.3384,success=false
2026-02-15T10:56:21.030514300Z,1771152981030,E2E_GOVERNANCE,29135700,29.1357,success=false
2026-02-15T10:56:21.055381800Z,1771152981055,E2E_GOVERNANCE,24930500,24.9305,success=false
2026-02-15T10:56:21.080739400Z,1771152981080,E2E_GOVERNANCE,25264200,25.2642,success=false
2026-02-15T10:56:21.104945200Z,1771152981104,E2E_GOVERNANCE,24029101,24.0291,success=false
2026-02-15T10:56:21.128859400Z,1771152981128,E2E_GOVERNANCE,23951500,23.9515,success=false
2026-02-15T10:56:21.153822800Z,1771152981153,E2E_GOVERNANCE,25095100,25.0951,success=false
2026-02-15T10:56:21.179369600Z,1771152981179,E2E_GOVERNANCE,25030500,25.0305,success=false
2026-02-15T10:56:21.205115400Z,1771152981205,E2E_GOVERNANCE,25864701,25.8647,success=false
2026-02-15T10:56:21.230689800Z,1771152981230,E2E_GOVERNANCE,25651201,25.6512,success=false
2026-02-15T10:56:21.256205400Z,1771152981256,E2E_GOVERNANCE,25096600,25.0966,success=false
2026-02-15T10:56:21.281709100Z,1771152981281,E2E_GOVERNANCE,25677900,25.6779,success=false
2026-02-15T10:56:21.307142400Z,1771152981307,E2E_GOVERNANCE,25554600,25.5546,success=false
2026-02-15T10:56:21.332073100Z,1771152981332,E2E_GOVERNANCE,24446000,24.4460,success=false
2026-02-15T10:56:21.357317200Z,1771152981357,E2E_GOVERNANCE,25550999,25.5510,success=false
2026-02-15T10:56:21.383497Z,1771152981383,E2E_GOVERNANCE,25767299,25.7673,success=false
2026-02-15T10:56:21.409644900Z,1771152981409,E2E_GOVERNANCE,26120700,26.1207,success=false
2026-02-15T10:56:21.435804600Z,1771152981435,E2E_GOVERNANCE,26514701,26.5147,success=false
2026-02-15T10:56:21.462259500Z,1771152981462,E2E_GOVERNANCE,26294800,26.2948,success=false
2026-02-15T10:56:21.488799Z,1771152981488,E2E_GOVERNANCE,26285001,26.2850,success=false
2026-02-15T10:56:21.514163700Z,1771152981514,E2E_GOVERNANCE,25560700,25.5607,success=false
2026-02-15T10:56:21.539320900Z,1771152981539,E2E_GOVERNANCE,24790000,24.7900,success=false
2026-02-15T10:56:21.564560700Z,1771152981564,E2E_GOVERNANCE,25386600,25.3866,success=false
2026-02-15T10:56:21.589930300Z,1771152981589,E2E_GOVERNANCE,25300199,25.3002,success=false
2026-02-15T10:56:21.616618800Z,1771152981616,E2E_GOVERNANCE,26363500,26.3635,success=false
2026-02-15T10:56:21.643083Z,1771152981643,E2E_GOVERNANCE,26206701,26.2067,success=false
2026-02-15T10:56:21.668709600Z,1771152981668,E2E_GOVERNANCE,25635799,25.6358,success=false
2026-02-15T10:56:21.693445600Z,1771152981693,E2E_GOVERNANCE,24997200,24.9972,success=false
2026-02-15T10:56:21.719143100Z,1771152981719,E2E_GOVERNANCE,25289800,25.2898,success=false
2026-02-15T10:56:21.744834700Z,1771152981744,E2E_GOVERNANCE,25813699,25.8137,success=false
2026-02-15T10:56:21.769383600Z,1771152981769,E2E_GOVERNANCE,24613600,24.6136,success=false
2026-02-15T10:56:21.795424600Z,1771152981795,E2E_GOVERNANCE,25906900,25.9069,success=false
2026-02-15T10:56:21.822010200Z,1771152981822,E2E_GOVERNANCE,26394199,26.3942,success=false
2026-02-15T10:56:21.848302400Z,1771152981848,E2E_GOVERNANCE,26238500,26.2385,success=false
2026-02-15T10:56:21.874632500Z,1771152981874,E2E_GOVERNANCE,26171000,26.1710,success=false
2026-02-15T10:56:21.901305800Z,1771152981901,E2E_GOVERNANCE,26711001,26.7110,success=false
2026-02-15T10:56:21.926955800Z,1771152981926,E2E_GOVERNANCE,25672099,25.6721,success=false
2026-02-15T10:56:21.953468500Z,1771152981953,E2E_GOVERNANCE,26426900,26.4269,success=false
2026-02-15T10:56:21.981377Z,1771152981981,E2E_GOVERNANCE,27960201,27.9602,success=false
2026-02-15T10:56:22.008192300Z,1771152982008,E2E_GOVERNANCE,26735399,26.7354,success=false
2026-02-15T10:56:22.035024100Z,1771152982035,E2E_GOVERNANCE,26541100,26.5411,success=false
2026-02-15T10:56:22.060794400Z,1771152982060,E2E_GOVERNANCE,25918500,25.9185,success=false
2026-02-15T10:56:22.086281600Z,1771152982086,E2E_GOVERNANCE,25166499,25.1665,success=false
2026-02-15T10:56:22.111306800Z,1771152982111,E2E_GOVERNANCE,25711901,25.7119,success=false
2026-02-15T10:56:22.138309700Z,1771152982138,E2E_GOVERNANCE,26200000,26.2000,success=false
2026-02-15T10:56:22.164208400Z,1771152982164,E2E_GOVERNANCE,26127900,26.1279,success=false
2026-02-15T10:56:22.192817500Z,1771152982192,E2E_GOVERNANCE,28372100,28.3721,success=false
2026-02-15T10:56:22.221845200Z,1771152982221,E2E_GOVERNANCE,28748599,28.7486,success=false
2026-02-15T10:56:22.249746500Z,1771152982249,E2E_GOVERNANCE,28013001,28.0130,success=false
2026-02-15T10:56:22.275447100Z,1771152982275,E2E_GOVERNANCE,25419801,25.4198,success=false
2026-02-15T10:56:22.302110400Z,1771152982302,E2E_GOVERNANCE,26456900,26.4569,success=false
2026-02-15T10:56:22.330395700Z,1771152982330,E2E_GOVERNANCE,28509000,28.5090,success=false
2026-02-15T10:56:22.358553Z,1771152982358,E2E_GOVERNANCE,27991801,27.9918,success=false
2026-02-15T10:56:22.385615700Z,1771152982385,E2E_GOVERNANCE,26873901,26.8739,success=false
2026-02-15T10:56:22.413210600Z,1771152982413,E2E_GOVERNANCE,27913101,27.9131,success=false
2026-02-15T10:56:22.444722400Z,1771152982444,E2E_GOVERNANCE,31340100,31.3401,success=false
2026-02-15T10:56:22.478365400Z,1771152982478,E2E_GOVERNANCE,33181800,33.1818,success=false
2026-02-15T10:56:22.505418400Z,1771152982505,E2E_GOVERNANCE,27030499,27.0305,success=false
2026-02-15T10:56:22.531455Z,1771152982531,E2E_GOVERNANCE,26040100,26.0401,success=false
2026-02-15T10:56:22.556669200Z,1771152982556,E2E_GOVERNANCE,25441100,25.4411,success=false
2026-02-15T10:56:22.585090100Z,1771152982585,E2E_GOVERNANCE,28097299,28.0973,success=false
2026-02-15T10:56:22.617541100Z,1771152982617,E2E_GOVERNANCE,32660700,32.6607,success=false
2026-02-15T10:56:22.653785300Z,1771152982653,E2E_GOVERNANCE,35955800,35.9558,success=false
2026-02-15T10:56:22.682761300Z,1771152982682,E2E_GOVERNANCE,28753500,28.7535,success=false
2026-02-15T10:56:22.709840600Z,1771152982709,E2E_GOVERNANCE,27346700,27.3467,success=false
2026-02-15T10:56:22.737286800Z,1771152982737,E2E_GOVERNANCE,27291601,27.2916,success=false
2026-02-15T10:56:22.763842800Z,1771152982763,E2E_GOVERNANCE,26483600,26.4836,success=false
2026-02-15T10:56:22.790889900Z,1771152982790,E2E_GOVERNANCE,26872899,26.8729,success=false
2026-02-15T10:56:22.817536600Z,1771152982817,E2E_GOVERNANCE,26615500,26.6155,success=false
2026-02-15T10:56:22.849863100Z,1771152982849,E2E_GOVERNANCE,32008200,32.0082,success=false
2026-02-15T10:56:22.879785100Z,1771152982879,E2E_GOVERNANCE,30159100,30.1591,success=false
2026-02-15T10:56:22.913685500Z,1771152982913,E2E_GOVERNANCE,33757101,33.7571,success=false
2026-02-15T10:56:22.946536500Z,1771152982946,E2E_GOVERNANCE,32792201,32.7922,success=false
2026-02-15T10:56:22.973008800Z,1771152982973,E2E_GOVERNANCE,26453600,26.4536,success=false
2026-02-15T10:56:22.999436900Z,1771152982999,E2E_GOVERNANCE,26411399,26.4114,success=false
2026-02-15T10:56:23.024608300Z,1771152983024,E2E_GOVERNANCE,24958800,24.9588,success=false
2026-02-15T10:56:23.050163700Z,1771152983050,E2E_GOVERNANCE,25244800,25.2448,success=false
2026-02-15T10:56:23.076626900Z,1771152983076,E2E_GOVERNANCE,26415800,26.4158,success=false
2026-02-15T10:56:23.104079700Z,1771152983104,E2E_GOVERNANCE,27608400,27.6084,success=false
2026-02-15T10:56:23.131518Z,1771152983131,E2E_GOVERNANCE,27213200,27.2132,success=false
2026-02-15T10:56:23.157735700Z,1771152983157,E2E_GOVERNANCE,26446300,26.4463,success=false
2026-02-15T10:56:23.185240700Z,1771152983185,E2E_GOVERNANCE,27453800,27.4538,success=false
2026-02-15T10:56:23.210976800Z,1771152983210,E2E_GOVERNANCE,25680701,25.6807,success=false
2026-02-15T10:56:23.236639300Z,1771152983236,E2E_GOVERNANCE,25274201,25.2742,success=false
2026-02-15T10:56:23.261587800Z,1771152983261,E2E_GOVERNANCE,25136199,25.1362,success=false
2026-02-15T10:56:23.286319700Z,1771152983286,E2E_GOVERNANCE,24427100,24.4271,success=false
2026-02-15T10:56:23.311769600Z,1771152983311,E2E_GOVERNANCE,25443400,25.4434,success=false
2026-02-15T10:56:23.336369900Z,1771152983336,E2E_GOVERNANCE,24365501,24.3655,success=false
2026-02-15T10:56:23.363453Z,1771152983363,E2E_GOVERNANCE,27285500,27.2855,success=false
2026-02-15T10:56:23.389890900Z,1771152983389,E2E_GOVERNANCE,26202799,26.2028,success=false
2026-02-15T10:56:23.415474Z,1771152983415,E2E_GOVERNANCE,25725200,25.7252,success=false
2026-02-15T10:56:23.441960900Z,1771152983441,E2E_GOVERNANCE,26383201,26.3832,success=false
2026-02-15T10:56:23.467662200Z,1771152983467,E2E_GOVERNANCE,25520500,25.5205,success=false
2026-02-15T10:56:23.500851Z,1771152983500,E2E_GOVERNANCE,33232400,33.2324,success=false
2026-02-15T10:56:23.528959200Z,1771152983528,E2E_GOVERNANCE,28209600,28.2096,success=false
2026-02-15T10:56:23.556073800Z,1771152983556,E2E_GOVERNANCE,26581600,26.5816,success=false
2026-02-15T10:56:23.582314100Z,1771152983582,E2E_GOVERNANCE,26588300,26.5883,success=false
2026-02-15T10:56:23.610328700Z,1771152983610,E2E_GOVERNANCE,27841701,27.8417,success=false
2026-02-15T10:56:23.638316900Z,1771152983638,E2E_GOVERNANCE,27942701,27.9427,success=false
2026-02-15T10:56:23.663796300Z,1771152983663,E2E_GOVERNANCE,25160101,25.1601,success=false
2026-02-15T10:56:23.688614500Z,1771152983688,E2E_GOVERNANCE,24901000,24.9010,success=false
2026-02-15T10:56:23.714239600Z,1771152983714,E2E_GOVERNANCE,25821900,25.8219,success=false
2026-02-15T10:56:23.742601500Z,1771152983742,E2E_GOVERNANCE,28236500,28.2365,success=false
2026-02-15T10:56:23.768356600Z,1771152983768,E2E_GOVERNANCE,25732801,25.7328,success=false
2026-02-15T10:56:23.793916900Z,1771152983793,E2E_GOVERNANCE,25253700,25.2537,success=false
2026-02-15T10:56:23.818905200Z,1771152983818,E2E_GOVERNANCE,24827399,24.8274,success=false
2026-02-15T10:56:23.843545100Z,1771152983843,E2E_GOVERNANCE,25386200,25.3862,success=false
2026-02-15T10:56:23.868991600Z,1771152983868,E2E_GOVERNANCE,24901100,24.9011,success=false
2026-02-15T10:56:23.893955300Z,1771152983893,E2E_GOVERNANCE,24682200,24.6822,success=false
2026-02-15T10:56:23.919703600Z,1771152983919,E2E_GOVERNANCE,25407800,25.4078,success=false
2026-02-15T10:56:23.946623500Z,1771152983946,E2E_GOVERNANCE,26778099,26.7781,success=false
2026-02-15T10:56:23.972867Z,1771152983972,E2E_GOVERNANCE,26434400,26.4344,success=false
2026-02-15T10:56:23.999198300Z,1771152983999,E2E_GOVERNANCE,26302600,26.3026,success=false
2026-02-15T10:56:24.025843700Z,1771152984025,E2E_GOVERNANCE,26281300,26.2813,success=false
2026-02-15T10:56:24.050601300Z,1771152984050,E2E_GOVERNANCE,25116401,25.1164,success=false
2026-02-15T10:56:24.075781600Z,1771152984075,E2E_GOVERNANCE,25113201,25.1132,success=false
2026-02-15T10:56:24.101369300Z,1771152984101,E2E_GOVERNANCE,25387200,25.3872,success=false
2026-02-15T10:56:24.128060600Z,1771152984128,E2E_GOVERNANCE,26648300,26.6483,success=false
2026-02-15T10:56:24.155102100Z,1771152984155,E2E_GOVERNANCE,26747800,26.7478,success=false
2026-02-15T10:56:24.181498100Z,1771152984181,E2E_GOVERNANCE,26441599,26.4416,success=false
2026-02-15T10:56:24.210917600Z,1771152984210,E2E_GOVERNANCE,29400800,29.4008,success=false
2026-02-15T10:56:24.236691100Z,1771152984236,E2E_GOVERNANCE,25858400,25.8584,success=false
2026-02-15T10:56:24.268456700Z,1771152984268,E2E_GOVERNANCE,31429600,31.4296,success=false
2026-02-15T10:56:24.295343700Z,1771152984295,E2E_GOVERNANCE,26745301,26.7453,success=false
2026-02-15T10:56:24.320507700Z,1771152984320,E2E_GOVERNANCE,25497000,25.4970,success=false
2026-02-15T10:56:24.346753800Z,1771152984346,E2E_GOVERNANCE,25800499,25.8005,success=false
2026-02-15T10:56:24.372073700Z,1771152984372,E2E_GOVERNANCE,25461000,25.4610,success=false
2026-02-15T10:56:24.398444800Z,1771152984398,E2E_GOVERNANCE,26032200,26.0322,success=false
2026-02-15T10:56:24.425394Z,1771152984425,E2E_GOVERNANCE,27253300,27.2533,success=false
2026-02-15T10:56:24.451767600Z,1771152984451,E2E_GOVERNANCE,26183900,26.1839,success=false
2026-02-15T10:56:24.478364200Z,1771152984478,E2E_GOVERNANCE,26212100,26.2121,success=false
2026-02-15T10:56:24.505784300Z,1771152984505,E2E_GOVERNANCE,27664200,27.6642,success=false
2026-02-15T10:56:24.532606600Z,1771152984532,E2E_GOVERNANCE,26463901,26.4639,success=false
2026-02-15T10:56:24.559139300Z,1771152984559,E2E_GOVERNANCE,26719801,26.7198,success=false
2026-02-15T10:56:24.586657700Z,1771152984586,E2E_GOVERNANCE,27392100,27.3921,success=false
2026-02-15T10:56:24.614546600Z,1771152984614,E2E_GOVERNANCE,27575600,27.5756,success=false
2026-02-15T10:56:24.641899800Z,1771152984641,E2E_GOVERNANCE,27308600,27.3086,success=false
2026-02-15T10:56:24.669508300Z,1771152984669,E2E_GOVERNANCE,27531000,27.5310,success=false
2026-02-15T10:56:24.696848Z,1771152984696,E2E_GOVERNANCE,27338500,27.3385,success=false
2026-02-15T10:56:24.722943Z,1771152984722,E2E_GOVERNANCE,26138299,26.1383,success=false
2026-02-15T10:56:24.750112700Z,1771152984750,E2E_GOVERNANCE,27040800,27.0408,success=false
2026-02-15T10:56:24.775837400Z,1771152984775,E2E_GOVERNANCE,25584100,25.5841,success=false
2026-02-15T10:56:24.801167600Z,1771152984801,E2E_GOVERNANCE,25659000,25.6590,success=false
2026-02-15T10:56:24.827120800Z,1771152984827,E2E_GOVERNANCE,25818001,25.8180,success=false
2026-02-15T10:56:24.852834500Z,1771152984852,E2E_GOVERNANCE,25284200,25.2842,success=false
2026-02-15T10:56:24.878571600Z,1771152984878,E2E_GOVERNANCE,25677701,25.6777,success=false
2026-02-15T10:56:24.903693100Z,1771152984903,E2E_GOVERNANCE,25132201,25.1322,success=false
2026-02-15T10:56:24.930044300Z,1771152984930,E2E_GOVERNANCE,26571300,26.5713,success=false
2026-02-15T10:56:24.955977300Z,1771152984955,E2E_GOVERNANCE,25783299,25.7833,success=false
2026-02-15T10:56:24.981198500Z,1771152984981,E2E_GOVERNANCE,25046001,25.0460,success=false
2026-02-15T10:56:25.007597100Z,1771152985007,E2E_GOVERNANCE,26178800,26.1788,success=false
2026-02-15T10:56:25.033381400Z,1771152985033,E2E_GOVERNANCE,25922900,25.9229,success=false
2026-02-15T10:56:25.060381900Z,1771152985060,E2E_GOVERNANCE,26690799,26.6908,success=false
2026-02-15T10:56:25.086819400Z,1771152985086,E2E_GOVERNANCE,27296401,27.2964,success=false
2026-02-15T10:56:25.116726800Z,1771152985116,E2E_GOVERNANCE,28628100,28.6281,success=false
2026-02-15T10:56:25.143429200Z,1771152985143,E2E_GOVERNANCE,27073000,27.0730,success=false
2026-02-15T10:56:25.171053800Z,1771152985171,E2E_GOVERNANCE,27356699,27.3567,success=false
2026-02-15T10:56:25.199637Z,1771152985199,E2E_GOVERNANCE,28599301,28.5993,success=false
2026-02-15T10:56:25.226756100Z,1771152985226,E2E_GOVERNANCE,27113200,27.1132,success=false
2026-02-15T10:56:25.253184700Z,1771152985253,E2E_GOVERNANCE,26140500,26.1405,success=false
2026-02-15T10:56:25.282897600Z,1771152985282,E2E_GOVERNANCE,29606700,29.6067,success=false
2026-02-15T10:56:25.310200600Z,1771152985310,E2E_GOVERNANCE,27472700,27.4727,success=false
2026-02-15T10:56:25.336566Z,1771152985336,E2E_GOVERNANCE,25848100,25.8481,success=false
2026-02-15T10:56:25.361693600Z,1771152985361,E2E_GOVERNANCE,25267499,25.2675,success=false
2026-02-15T10:56:25.387840400Z,1771152985387,E2E_GOVERNANCE,26142899,26.1429,success=false
2026-02-15T10:56:25.414495500Z,1771152985414,E2E_GOVERNANCE,26489999,26.4900,success=false
2026-02-15T10:56:25.441461700Z,1771152985441,E2E_GOVERNANCE,27067501,27.0675,success=false
2026-02-15T10:56:25.469058300Z,1771152985469,E2E_GOVERNANCE,27208899,27.2089,success=false
2026-02-15T10:56:25.496509500Z,1771152985496,E2E_GOVERNANCE,27582499,27.5825,success=false
2026-02-15T10:56:25.525916900Z,1771152985525,E2E_GOVERNANCE,29337900,29.3379,success=false
2026-02-15T10:56:25.557023700Z,1771152985557,E2E_GOVERNANCE,31124601,31.1246,success=false
2026-02-15T10:56:25.584587900Z,1771152985584,E2E_GOVERNANCE,27302700,27.3027,success=false
2026-02-15T10:56:25.609313600Z,1771152985609,E2E_GOVERNANCE,24819700,24.8197,success=false
2026-02-15T10:56:25.634568700Z,1771152985634,E2E_GOVERNANCE,25058200,25.0582,success=false
2026-02-15T10:56:25.660682Z,1771152985660,E2E_GOVERNANCE,26403099,26.4031,success=false
2026-02-15T10:56:25.686744700Z,1771152985686,E2E_GOVERNANCE,25527599,25.5276,success=false
2026-02-15T10:56:25.711635300Z,1771152985711,E2E_GOVERNANCE,25018000,25.0180,success=false
2026-02-15T10:56:25.741452500Z,1771152985741,E2E_GOVERNANCE,29498000,29.4980,success=false
2026-02-15T10:56:25.767514500Z,1771152985767,E2E_GOVERNANCE,26305700,26.3057,success=false
2026-02-15T10:56:25.793439400Z,1771152985793,E2E_GOVERNANCE,25845101,25.8451,success=false
2026-02-15T10:56:25.819661Z,1771152985819,E2E_GOVERNANCE,26345800,26.3458,success=false
2026-02-15T10:56:25.845984100Z,1771152985845,E2E_GOVERNANCE,26074200,26.0742,success=false
2026-02-15T10:56:25.870906800Z,1771152985870,E2E_GOVERNANCE,24840000,24.8400,success=false
2026-02-15T10:56:25.897308800Z,1771152985897,E2E_GOVERNANCE,26316200,26.3162,success=false
2026-02-15T10:56:25.924285500Z,1771152985924,E2E_GOVERNANCE,27024500,27.0245,success=false
2026-02-15T10:56:25.949681500Z,1771152985949,E2E_GOVERNANCE,25206500,25.2065,success=false
2026-02-15T10:56:25.973875100Z,1771152985973,E2E_GOVERNANCE,24187000,24.1870,success=false
2026-02-15T10:56:25.998647900Z,1771152985998,E2E_GOVERNANCE,24530000,24.5300,success=false
2026-02-15T10:56:26.023689100Z,1771152986023,E2E_GOVERNANCE,24960000,24.9600,success=false
2026-02-15T10:56:26.050134500Z,1771152986050,E2E_GOVERNANCE,26305800,26.3058,success=false
2026-02-15T10:56:26.076718700Z,1771152986076,E2E_GOVERNANCE,26516599,26.5166,success=false
2026-02-15T10:56:26.103095500Z,1771152986103,E2E_GOVERNANCE,26591500,26.5915,success=false
2026-02-15T10:56:26.128425400Z,1771152986128,E2E_GOVERNANCE,25214901,25.2149,success=false
2026-02-15T10:56:26.153562500Z,1771152986153,E2E_GOVERNANCE,24863600,24.8636,success=false
2026-02-15T10:56:26.178975Z,1771152986178,E2E_GOVERNANCE,25273400,25.2734,success=false
2026-02-15T10:56:26.204606100Z,1771152986204,E2E_GOVERNANCE,25684600,25.6846,success=false
2026-02-15T10:56:26.229006700Z,1771152986229,E2E_GOVERNANCE,25486599,25.4866,success=false
2026-02-15T10:56:26.255813700Z,1771152986255,E2E_GOVERNANCE,25920100,25.9201,success=false
2026-02-15T10:56:26.282028800Z,1771152986282,E2E_GOVERNANCE,25765100,25.7651,success=false
2026-02-15T10:56:26.307085800Z,1771152986307,E2E_GOVERNANCE,25348600,25.3486,success=false
2026-02-15T10:56:26.332619300Z,1771152986332,E2E_GOVERNANCE,25539000,25.5390,success=false
2026-02-15T10:56:26.360252900Z,1771152986360,E2E_GOVERNANCE,27206199,27.2062,success=false
2026-02-15T10:56:26.386277800Z,1771152986386,E2E_GOVERNANCE,26200100,26.2001,success=false
2026-02-15T10:56:26.412749600Z,1771152986412,E2E_GOVERNANCE,26498001,26.4980,success=false
2026-02-15T10:56:26.441216200Z,1771152986441,E2E_GOVERNANCE,28069299,28.0693,success=false
2026-02-15T10:56:26.473941100Z,1771152986473,E2E_GOVERNANCE,32732801,32.7328,success=false
2026-02-15T10:56:26.515413600Z,1771152986515,E2E_GOVERNANCE,41291699,41.2917,success=false
2026-02-15T10:56:26.545654700Z,1771152986545,E2E_GOVERNANCE,30057701,30.0577,success=false
2026-02-15T10:56:26.575072100Z,1771152986575,E2E_GOVERNANCE,29564000,29.5640,success=false
2026-02-15T10:56:26.601306300Z,1771152986601,E2E_GOVERNANCE,26219500,26.2195,success=false
2026-02-15T10:56:26.626908500Z,1771152986626,E2E_GOVERNANCE,25351300,25.3513,success=false
2026-02-15T10:56:26.651520700Z,1771152986651,E2E_GOVERNANCE,24451199,24.4512,success=false
2026-02-15T10:56:26.677535400Z,1771152986677,E2E_GOVERNANCE,26078500,26.0785,success=false
2026-02-15T10:56:26.704391600Z,1771152986704,E2E_GOVERNANCE,26756499,26.7565,success=false
2026-02-15T10:56:26.730139300Z,1771152986730,E2E_GOVERNANCE,25857401,25.8574,success=false
2026-02-15T10:56:26.758876300Z,1771152986758,E2E_GOVERNANCE,28307800,28.3078,success=false
2026-02-15T10:56:26.786927600Z,1771152986786,E2E_GOVERNANCE,28065800,28.0658,success=false
2026-02-15T10:56:26.813406600Z,1771152986813,E2E_GOVERNANCE,26591000,26.5910,success=false
2026-02-15T10:56:26.842260Z,1771152986842,E2E_GOVERNANCE,28505200,28.5052,success=false
2026-02-15T10:56:26.873948100Z,1771152986873,E2E_GOVERNANCE,31859800,31.8598,success=false
2026-02-15T10:56:26.902541800Z,1771152986902,E2E_GOVERNANCE,28297100,28.2971,success=false
2026-02-15T10:56:26.929412400Z,1771152986929,E2E_GOVERNANCE,27166700,27.1667,success=false
2026-02-15T10:56:26.956012900Z,1771152986956,E2E_GOVERNANCE,26316299,26.3163,success=false
2026-02-15T10:56:26.982964500Z,1771152986982,E2E_GOVERNANCE,26833201,26.8332,success=false
2026-02-15T10:56:27.008813700Z,1771152987008,E2E_GOVERNANCE,25860501,25.8605,success=false
2026-02-15T10:56:27.034091600Z,1771152987034,E2E_GOVERNANCE,24952000,24.9520,success=false
2026-02-15T10:56:27.058135300Z,1771152987058,E2E_GOVERNANCE,23943400,23.9434,success=false
2026-02-15T10:56:27.083889Z,1771152987083,E2E_GOVERNANCE,25936901,25.9369,success=false
2026-02-15T10:56:27.109423600Z,1771152987109,E2E_GOVERNANCE,25615301,25.6153,success=false
2026-02-15T10:56:27.135263600Z,1771152987135,E2E_GOVERNANCE,25849100,25.8491,success=false
2026-02-15T10:56:27.161676800Z,1771152987161,E2E_GOVERNANCE,26108600,26.1086,success=false
2026-02-15T10:56:27.187250900Z,1771152987187,E2E_GOVERNANCE,25398501,25.3985,success=false
2026-02-15T10:56:27.213097300Z,1771152987213,E2E_GOVERNANCE,26107800,26.1078,success=false
2026-02-15T10:56:27.238754200Z,1771152987238,E2E_GOVERNANCE,25387200,25.3872,success=false
2026-02-15T10:56:27.262441300Z,1771152987262,E2E_GOVERNANCE,23908700,23.9087,success=false
2026-02-15T10:56:27.287057700Z,1771152987287,E2E_GOVERNANCE,24460400,24.4604,success=false
2026-02-15T10:56:27.312863Z,1771152987312,E2E_GOVERNANCE,25458200,25.4582,success=false
2026-02-15T10:56:27.338414600Z,1771152987338,E2E_GOVERNANCE,25673699,25.6737,success=false
2026-02-15T10:56:27.364495700Z,1771152987364,E2E_GOVERNANCE,26103600,26.1036,success=false
2026-02-15T10:56:27.391938500Z,1771152987391,E2E_GOVERNANCE,27469800,27.4698,success=false
2026-02-15T10:56:27.419574700Z,1771152987419,E2E_GOVERNANCE,27380800,27.3808,success=false
2026-02-15T10:56:27.450504600Z,1771152987450,E2E_GOVERNANCE,30665000,30.6650,success=false
2026-02-15T10:56:27.484415100Z,1771152987484,E2E_GOVERNANCE,33977401,33.9774,success=false
2026-02-15T10:56:27.519152700Z,1771152987519,E2E_GOVERNANCE,34512399,34.5124,success=false
2026-02-15T10:56:27.556507800Z,1771152987556,E2E_GOVERNANCE,37433600,37.4336,success=false
2026-02-15T10:56:27.600165500Z,1771152987600,E2E_GOVERNANCE,43661900,43.6619,success=false
2026-02-15T10:56:27.644664400Z,1771152987644,E2E_GOVERNANCE,44291500,44.2915,success=false
2026-02-15T10:56:27.677493900Z,1771152987677,E2E_GOVERNANCE,32507200,32.5072,success=false
2026-02-15T10:56:27.710665900Z,1771152987710,E2E_GOVERNANCE,33026400,33.0264,success=false
2026-02-15T10:56:27.748837700Z,1771152987748,E2E_GOVERNANCE,38320900,38.3209,success=false
2026-02-15T10:56:27.782319500Z,1771152987782,E2E_GOVERNANCE,33045501,33.0455,success=false
2026-02-15T10:56:27.810642300Z,1771152987810,E2E_GOVERNANCE,28234200,28.2342,success=false
2026-02-15T10:56:27.836598600Z,1771152987836,E2E_GOVERNANCE,26072499,26.0725,success=false
2026-02-15T10:56:27.863471400Z,1771152987863,E2E_GOVERNANCE,26983400,26.9834,success=false
2026-02-15T10:56:27.890552Z,1771152987890,E2E_GOVERNANCE,26611599,26.6116,success=false
2026-02-15T10:56:27.917780600Z,1771152987917,E2E_GOVERNANCE,27285900,27.2859,success=false
2026-02-15T10:56:27.947592900Z,1771152987947,E2E_GOVERNANCE,29738901,29.7389,success=false
2026-02-15T10:56:27.972706500Z,1771152987972,E2E_GOVERNANCE,25144499,25.1445,success=false
2026-02-15T10:56:27.999695100Z,1771152987999,E2E_GOVERNANCE,26754799,26.7548,success=false
2026-02-15T10:56:28.036053400Z,1771152988036,E2E_GOVERNANCE,36121700,36.1217,success=false
2026-02-15T10:56:28.068131Z,1771152988068,E2E_GOVERNANCE,32285900,32.2859,success=false
2026-02-15T10:56:28.099136300Z,1771152988099,E2E_GOVERNANCE,30857800,30.8578,success=false
2026-02-15T10:56:28.124369200Z,1771152988124,E2E_GOVERNANCE,24975100,24.9751,success=false
2026-02-15T10:56:28.148983400Z,1771152988148,E2E_GOVERNANCE,24908900,24.9089,success=false
2026-02-15T10:56:28.174479Z,1771152988174,E2E_GOVERNANCE,25038400,25.0384,success=false
2026-02-15T10:56:28.198863400Z,1771152988198,E2E_GOVERNANCE,24803300,24.8033,success=false
2026-02-15T10:56:28.225759500Z,1771152988225,E2E_GOVERNANCE,26723900,26.7239,success=false
2026-02-15T10:56:28.252442600Z,1771152988252,E2E_GOVERNANCE,26594701,26.5947,success=false
2026-02-15T10:56:28.279113700Z,1771152988279,E2E_GOVERNANCE,26558600,26.5586,success=false
2026-02-15T10:56:28.307275600Z,1771152988307,E2E_GOVERNANCE,27791599,27.7916,success=false
2026-02-15T10:56:28.332764500Z,1771152988332,E2E_GOVERNANCE,25573900,25.5739,success=false
2026-02-15T10:56:28.358555400Z,1771152988358,E2E_GOVERNANCE,25662100,25.6621,success=false
2026-02-15T10:56:28.386356300Z,1771152988386,E2E_GOVERNANCE,27995600,27.9956,success=false
2026-02-15T10:56:28.416018800Z,1771152988416,E2E_GOVERNANCE,29465200,29.4652,success=false
2026-02-15T10:56:28.444124500Z,1771152988444,E2E_GOVERNANCE,28195801,28.1958,success=false
2026-02-15T10:56:28.469675500Z,1771152988469,E2E_GOVERNANCE,25214000,25.2140,success=false
2026-02-15T10:56:28.496482200Z,1771152988496,E2E_GOVERNANCE,27020000,27.0200,success=false
2026-02-15T10:56:28.523286700Z,1771152988523,E2E_GOVERNANCE,26405800,26.4058,success=false
2026-02-15T10:56:28.548150400Z,1771152988548,E2E_GOVERNANCE,25133600,25.1336,success=false
2026-02-15T10:56:28.573241800Z,1771152988573,E2E_GOVERNANCE,24620700,24.6207,success=false
2026-02-15T10:56:28.599122300Z,1771152988599,E2E_GOVERNANCE,26227500,26.2275,success=false
2026-02-15T10:56:28.625213800Z,1771152988625,E2E_GOVERNANCE,26075800,26.0758,success=false
2026-02-15T10:56:28.651116800Z,1771152988651,E2E_GOVERNANCE,25653300,25.6533,success=false
2026-02-15T10:56:28.679408600Z,1771152988679,E2E_GOVERNANCE,27921100,27.9211,success=false
2026-02-15T10:56:28.706546500Z,1771152988706,E2E_GOVERNANCE,27310499,27.3105,success=false
2026-02-15T10:56:28.731957500Z,1771152988731,E2E_GOVERNANCE,25242100,25.2421,success=false
2026-02-15T10:56:28.757252600Z,1771152988757,E2E_GOVERNANCE,25205000,25.2050,success=false
2026-02-15T10:56:28.781565300Z,1771152988781,E2E_GOVERNANCE,24396899,24.3969,success=false
2026-02-15T10:56:28.809541200Z,1771152988809,E2E_GOVERNANCE,28061800,28.0618,success=false
2026-02-15T10:56:28.836538Z,1771152988836,E2E_GOVERNANCE,26812200,26.8122,success=false
2026-02-15T10:56:28.863365200Z,1771152988863,E2E_GOVERNANCE,26825901,26.8259,success=false
2026-02-15T10:56:28.889411800Z,1771152988889,E2E_GOVERNANCE,25938400,25.9384,success=false
2026-02-15T10:56:28.915918800Z,1771152988915,E2E_GOVERNANCE,26424799,26.4248,success=false
2026-02-15T10:56:28.942030Z,1771152988942,E2E_GOVERNANCE,26216699,26.2167,success=false
2026-02-15T10:56:28.967397700Z,1771152988967,E2E_GOVERNANCE,25178600,25.1786,success=false
2026-02-15T10:56:28.992549100Z,1771152988992,E2E_GOVERNANCE,24925400,24.9254,success=false
2026-02-15T10:56:29.017355800Z,1771152989017,E2E_GOVERNANCE,24889099,24.8891,success=false
2026-02-15T10:56:29.043472800Z,1771152989043,E2E_GOVERNANCE,25789599,25.7896,success=false
2026-02-15T10:56:29.068029100Z,1771152989068,E2E_GOVERNANCE,24936900,24.9369,success=false
2026-02-15T10:56:29.093938700Z,1771152989093,E2E_GOVERNANCE,25638201,25.6382,success=false
2026-02-15T10:56:29.119603100Z,1771152989119,E2E_GOVERNANCE,25444099,25.4441,success=false
2026-02-15T10:56:29.145382100Z,1771152989145,E2E_GOVERNANCE,25591400,25.5914,success=false
2026-02-15T10:56:29.171584600Z,1771152989171,E2E_GOVERNANCE,26123400,26.1234,success=false
2026-02-15T10:56:29.197365900Z,1771152989197,E2E_GOVERNANCE,25876400,25.8764,success=false
